id,name
548055269911646,[IngressoRápido] [DEV] Checar https na vitrine
549192448472275,[Renner] Problema com setas na Ofertas
549192448472271,#23033 [Comprei Pontuei] Vitrines demoram pra carregar
548439466221272,#23024 [MARISA] Espaço em branco entre vitrines na home
520415935719710,[epocacosmeticos] [DEV] Adaptar onsite para suportar https
548113338390140,#23025 [LFG] Erro layout vitrines 
548296385775140,[ns-nba-mx] Integração nova Loja Freedom
548055269911644,#23022 [IngressoRápido] Ajuste vitrines
547696054449699,[Centauro] [DEV] Div TOP acima do botões de compra na página de produto
547696054449698,[Centauro] [DEV] avaliar retirada das DIV's do Ofertas
547696054449697,[Centauro] [DEV] Página de categoria e subcategoria ficam sem div top após ordenação
547696054449696,#23021 [Centauro] Ajuste em divs e vitrines
547386936668020,#23003 [Hering] Ajustar espaçamento das Vitrines na Home 
545898702157685,[Telhanorte] Novo skin vitrines da home
546504078938047,[arredo-ar] Análise Técnica
546485469368323,[arredo-ar] Ativar Vitrines
545898702157684,#23002 [Telhanorte] Novo skin vitrines da home
544793619079051,#22986 [Sephora] Vitrine histórico cortada na página de busca
544253547669074,[Onofre] [VITRINES] Algumas métricas não aparecem no Dashboard
544089020970139,[ALL] [RECS] Problema com dash de vitrines
544089020970138,#22966 [ALL] Problema com dash de vitrines
543839811969560,[CompraCerta] [DEV] FBT retorna nas requisições mas não renderiza no front
542512372817811,[HONEY BE] [DEV] Página de busca vazia não apresenta vitrines
542446374769359,#22956 [Autoline] Erro no layout da vitrine Destaques
541534390386683,[Saraiva-v5] [DEV] Ajuste - tagueamento OnSite
541986365955005,#22432 [Boticário] Ajustes vitrines página de Presentes 
542030860259009,[TBB] [DEV] Adaptar onsite para suportar httpsTBB
542023572908637,[Boticário] [DEV] Adaptar onsite para suportar https
542003208307066,[QDB] [DEV] Adaptar onsite para suportar https
541995520122693,[Eudora] [DEV] Adaptar onsite para suportar https
541993125041856,[Electrolux] [DEV] Adaptar onsite para suportar https
541987087640174,[Electrolux] [DEV] Adaptar onsite para suportar https
541552083439053,[Saraiva] [DEV] Oferta de Seguro e Garantia na Busca e no Onsite
541145584937479,[Casa Show] Ajustar layout da promovidos com menu
541080962534169,Buscapé | integração via GTM
541080962534170,[Buscapé][DEV] integração via GTM
540561286726862,[taQi][DEV] Parser do jake V2
540834697394283,[Natue] Mudar regra de exibição do selo de desconto percentual VITRINES
540607647904012,#22919 [Dzarm] Vitrine vertical das páginas de categoria estão com o nome cortado
540487430283318,[Natura] [DEV] Ajuste na URL das imagens
540487430283317,[Natura] Ajuste na URL das imagens
540561286726853,#22920 [TaQi] Lentidão carregamento vitrines 
540607647838013,#22929 [Sephora] Ajustar vitrine carrinho
540597495175548,[Eudora] [RECS] Dash não carrega os dados
540544087255668,#22925 [Eudora] Dash não carrega os dados
540530231072770,[CompraCerta] [CODE-REVIEW] Adaptar onsite para suportar https
540117674096036,[netshoes-br][RECS] Migrar configurações do dashboard
539247568847543,[LFG - Grupo Kroton][PRODUTO] Dash de vitrines com bug
539247568847542,[LFG - Grupo Kroton] Dash de vitrines com bug
539134751410745,[LojasRenner][FRONT] Ajuste no link para PDP
486987054292107,[Imaginarium][DEV] Myrecs sobrescrevendo nossas divs
538477950522604,[Comprei Pontuei] [DEV] Ajustes gerais
538833991388340,[pariscl] trocar layout de vitrines página de produto
538431582817303,[Paquetá] [DEV] Estamos sem chaordic_meta no carrinho
538431582817302,[Paquetá Esportes] [DEV] Estamos sem chaordic_meta no carrinho
538465090573621,[Electrolux] [DEV] Adaptar onsite para suportar https
538394888556416,[Comprei Pontuei] [DEV] Pontuação errada nas vitrines
538394888556415,#22897 [Comprei Pontuei] Pontuação errada nas vitrines
537854777976730,#22891 [Lojas Renner] Revisar layout de vitrines mobile
537640908455149,#22878 [Cursoslivresead] Quebra layout vitrine
537026349005771,[SHOPFISIO] [DEV] Erro na formatação dos preços
536505629814412,[natura] Análise Técnica
536484254864888,[natura] Ativar Vitrines
534982972129473,[ns-zattini][CODE-REVIEW] Adicionar info de frete gratis e "a partir de" na FBT
534518541913889,[CursosLivresEAD] [DEV] Preço errado  VITRINES
534518541913887,#22836 [CursosLivresEAD] Preço errado  
534518541913885,[taQi][DEV]Problema Push com menu 
534518541913884,#22835 [taQi] Problema Push com menu 
534218648789309,[Comprei Pontuei][RECS] Recomendações estranhas
534308630293480,[Tenda Drive] Reunião de AT
534218648789308,#22833 [Comprei Pontuei] Recomendação estranha
533381682525439,[Natura] Último skin usado
533453281832603,#22824 [Marisa] Ajustes reunião 23.01
533145813216660,[INGRESSORAPIDO][DEV] Ajuste de implementação de lazy loading
533243656469695,[netshoes-br] Ativar Vitrines
532683907380248,[Honeybe][DEV] Botão de Espiar não funciona na página de carrinho
532920072898485,[Natura] Imagem da FBT e flag SI
532615305056829,[Natura] Re-skin das vitrines
532589236379463,[StudioZ][DEV] Problema no carregamento das vitrines
532589236379461,#22806 [Studio Z] Problema no carregamento das vitrines
531554933171349,#22798 [Sephora] Vitrines não aparecendo no hotsite
531554933189355,[MMM] Métricas vitrines mobile x desktop
531824512316474,ESPECIFICAÇÕES DO CLIENTE (TAM & KAM)
531820806467316,[extra] Análise Técnica
531809976218607,[CompraCerta] [DEV] Adaptar onsite para suportar https
531784027445138,[extra] Ativar Vitrines
531685077873703,[Consul] [DEV] Adaptar onsite para suportar https
530884254423361,[ns-shoptimao] vitrines em cobertura na Home
531341470988420,[Centauro] [DEV] campos "review"e "rate" enviados no details
531317076142788,[Lojas Melissa+Shops]Exportar push com menu
530921346362418,[centauro-v5] Ajuste em divs e vitrines
529830023972327,[offcorss] [DEV] Eventos não acionados
529920788297727,[PUSH] Permitir propriedade details para atualizar base via API
529792166519892,[C&C] [DEV] Migração site - ajuste chaordic_meta
529781810465836,[C&C] Migração site - ajuste chaordic_meta
529574724366581,[Saraiva] [DEV] tagueamento OnSite
412141775725999,[Compra Unilever] [DEV] Homologação sem div novamente
529020735936750,[Centauro] [DEV] produto desatualizado / campo fora do details
529020735936749,#22736 [Centauro] produto desatualizado / campo fora do details
528621652063904,[Natue] Produto no cache do onsite
528135762305654,[Netshoes BR] [DEV] Revisar regras da API de preço para as vitrines com seletor de SPEC
528104314016143,[gigaatacado][FRONT] Ajustar flag vitrines
528512124900482,[Brastemp] [DEV] Adaptar onsite para suportar https
528174361692337,[FastShop][DEV] Temos que exibir preço e installment na SC
528171378954693,[FastShop][DEV] Temos que exibir preço e installment na FBT
528127140059040,[FastShop][DEV] Preços demorando pra atualizar em vitrines
528104314025142,[FastShop] [DEV] juros errado exibido nas vitrines
527313318750260,#22733 [TaQi] Quebra de layout vitrine "Compre Junto" 
527233743023303,ESPECIFICAÇÕES DO CLIENTE (TAM & KAM)
527229927863542,[uninassau] Análise Técnica
526995480261401,[netshoes BR] [DEV] Ajuste - Ajustes FBT Skin A
527186413738473,[uninassau] Ativar Vitrines
526911528437259,#22728 [FastShop] Produto com preço errado
526911528437260,[FastShop] [DEV] Produto com preço errado
527039970903365,#22724 [Marabraz] Ajustar seta das vitrines push com menu
526651160633719,[ns-zattini] Ajuste preço de combo na FBT
526683986702515,[Futfanatics][DEV] Ajuste - layout % Vitrine 
526007707290031,[FastShop] [DEV] Produto com erro na info de parcelamento
526007707290030,[FastShop] Problemas encontrados
525815483498854,#22720 [Sephora] Retirar espaço na DIV top no carrinho
525783347551871,[Marabraz][DEV] Ajuste vitrine "Você visitou" 
525783347551870,#22715 [Marabraz] Ajuste vitrine "Você visitou" 
525783347551868,#22708 [Futfanatics] Ajuste layout % Vitrine 
525679032075930,#22716 [Sephora] Vitrines sem imagens
524970703102520,[COMPREIPONTUEI][DEV] Ajuste - LAZY LOAD
524299999172495,[pariscl] Atualizar onsite js
524270951870246,[Saraiva] [DEV] teste AB da Home
452897756829163,[1][Shopfisio][FRONT] Deploy e Monitoria
523775154436101,[Marisa] [DEV] Vitrine push demorando pra responder
523775154436100,#22684 [Marisa] Vitrine push demorando pra responder
523760737763204,[Connect Parts] Ajuste no selo
523682920039423,[Natue][DEV] Estamos sem transaction desde 09/11
523070534801158,[casashow] [vtex] Estamos sem capturar eventos de transaction em clientes Vtex
522983551997000,#22653 [CursosLivresEAD] Ajuste layout vitrines
522761248948615,[Shopfácil] Vitrines não aparecem em página de categorias
522960836445154,[IngressoRápido] [CSE] Kickof com o cliente
522960836445147,#22668 [IngressoRápido] Exportar novas vitrines / reskin
522726821070242,#22668 [IngressoRápido] Reeskin vitrines home
519910927010925,[Shopfisio][FRONT] Bullets na 2ª linha estão ficando juntos da legada de outra vitrine - ok
522524263267742,#22656 [Telhanorte] Ação promocional na home da loja
522502095884478,#22657 [C&C] Flag de desconto cortando 
521760681884954,[Casa&Video] [DEV] Tornar a URL das imagens relativas
521713770530880,#22645 [Sephora] Mover vitrine visualizados na home
521523878349079,Desligar a apikey beautybox-saraiva e ver o que acontece
478180347143508,[1][polishop][FRONT] Deploy e Monitoria
521092869048979,[SAVEGNAGO] [DEV] Limitação de produtos
521285371974737,[ns-zattini][DEV] Ajustes - implementar preço de combo na FBT
521151402776412,[ns-kappa] Integração nova Loja Freedom
521121215598713,#22637 [Sephora] Ajustar layout das vitrines
521092869048970,[COMPRA UNILEVER] [DEV] Adaptar onsite para suportar https
521078123086649,[apikey] Integração nova Loja Freedom
520431629364334,[netshoes] [RECS] Eventos discrepantes com GA
520320773676598,[Freedom] Falha em mobile iOS no scroll vertical da página
519569110238340,[Netshoes Freedom] Mover temas dedicados para o attic
518915071990835,[ParisCL][DEV] Refatorar Tema OnSite
518689921008294,[Animale] Precisamos dos preços DE e POR na push
518419390839691,[CompraCerta] [Vtex] [v3.0.18] Estamlos sem capturar eventos de transaction em clientes Vtex
518659865472879,[Tenda] Análise Técnica
518482692329580,[Paquetá] [Vtex] [v2.0.69] Estamos sem capturar eventos de transaction em clientes Vtex
518482692329581,[Paquetá Esportes] [Vtex] [v2.0.72] Estamos sem capturar eventos de transaction em clientes Vtex
518482692329579,[Drogaria Araujo] [Vtex] [v2.0.68] Estamos sem capturar eventos de transaction em clientes Vtex
518609606417044,[Tenda] Ativar Vitrines
518482692327592,[offcorss] [DEV] Página de transaction como other
518430612890987,#22604 [Melissa] Ajuste Vitrines Mobile
518419390851696,[Bazar Horizonte][DEV] Pagina de transaction como other
518442237514451,[Offcorss] [Vtex] [v2.0.68] Estamos sem capturar eventos de transaction em clientes Vtex
518168415092647,[QDB] Imagens não renderizando nas Vitrins na página http://www.quemdisseberenice.com.br/liquidacao
517897725228046,[QDB] Problema com integração nas transactions
517897725228045,[TBB] Problema com integração nas transactions
517897725228043,[CompraCerta/QDB/TBB] Problema com integração nas transactions
517136437360185,#22593 [QDB] Alterar cor do titulo da Vitrine com Data-skin
516646899784940,#22596 [Telhanorte] Alinhar preço de vitines
515036402754533,[Paquetá] [DEV] Reestabelecer conexão com API (KeyWords)
517031349493727,[Paquetá Esportes] [DEV] Reestabelecer conexão com API (KeyWords)
516646899784938,#22589 [Marisa] Vitrine quebrando no mobile
514547180932013,Deixar todo box de produto clicável com link pra PDP - ok
515045230162719,[ns-zattini][DEV] Adicionar info de frete gratis e "a partir de" na FBT
515014008140687,[Shopfácil][RECS] Recomendações sem sentido
515061690351316,[Hering][DEV] Ajuste - Reconstruir spec carousel
515014008140684,[Shopfácil] [RECS] Produto comprado sendo recomendado em vitrine
515061690351268,[Dzarm][DEV] Ajuste - Reconstruir carrossel de specs
515045230162718,[ns-zattini][DEV] implementar preço de combo na FBT
514197554548349,[beautybox-vtex] UB com layout quebrado
513873572965716,[netshoes BR][DEV] Ajustes FBT Skin A
513871119344527,[Hering][DEV] Ajuste - Reconstruir spec carousel
512974184967199,[Marisa][REC] Promovidos não aparece na home
512748987184526,[Dzarm][DEV] Reconstruir carrossel de specs
512724940035070,#22514 [lebes] URGENTE tirar cupons de desconto
512275433443578,[netshoes BR] MP não aparece em landing page
512173095175566,[Shopfacil][DEV] Ativar no-repeat nas vitrines
512173095175565,#22523 [Shopfácil] Ativar no-repeat nas vitrines
510232036363722,[netshoes BR] Preparar tema para AB com FBT - Cenário 1
511995124413695,[Hering] [DEV] Reconstruir spec carousel
512115364866390,[SCHUMANN] [DEV] Ajustar preço que está arredondando
512054944128653,#22517 [Marisa] Erro no layout do mobile
511380196290475,[centauro-v5] Análise Técnica
511128826935966,[C&A] erro no Safari | cookies ultrapassando o limite de tamanho
511087631344145,[Dzarm] [DEV] Specs cor quebrando 
511063272067775,[compreipontuei] Análise Técnica
511026479109684,[PUCWEBSTORE] [DEV] Alterar horarios consumo XML
511026479109683,[HERINGKIDS] [DEV] Alterar horarios consumo XML
511026479109682,[DZARM] [DEV] Alterar horarios consumo XML
511026479109681,[Hering] [DEV] Alterar horarios consumo XML
510931745476030,[Staples / Jeito Certo] Re-skin Vitrines
511007097204850,[Mobly] Trocar fonte das vitrines
511007053901842,[Hering] [DEV] Specs cor quebrando 
510947979017493,ESPECIFICAÇÕES DO CLIENTE (TAM & KAM)
510947958097187,[iplace] Análise Técnica
510940208098954,[iplace] Ativar Vitrines
510477468886247,[taqi] FBT cortada
510502044949729,[Hering/Dzarm] [DEV] Specs cor quebrando 
510499412175035,[taQi] [DEV] Vitrine Compre Junto quebrada (pag. de produto)
510499412175034,[taQi] Vitrine Compre Junto quebrada
510487942939155,#22428 [offPremium] Ajustar tag no card de vitrines
510232036372708,[Connect Pars] [DEV] Ajuste - Busca não inserir trustvox, usar info vinda do platform
510232036363709,[netshoes-ar] [DEV] ajustar vitrines para novo catálogo via API
510281258562429,#22417 [Marisa] Ajustar botão comprar da CS
510241896911856,[DSGraph] [DEV] Alterar feed jake
420406962228642,[SCHUMANN] [DEV] Alterar regra de desconto para pagamento no boleto
510217773206401,#22409 [MMM] Ajustar tag de desconto nas vitrines
509962870641627,ESPECIFICAÇÕES DO CLIENTE (TAM & KAM)
509962856504087,[petlove] Análise Técnica
509957965260029,[petlove] Ativar Vitrines
509702020482813,[ns-puma] Vitrines não obedecem configuração do central
509737323373553,[Fantoy][DEV] Ajustes de novos atributos na Busca
509678228137823,[multiplus][FRONT] Alterações no Dash não funcionam
509737323373552,[Fantoy][DEV] Ajustes de novos atributos no OnSite
509668111239217,[polishop][FRONT] Investigar problema com imagens
509223383692795,[shoppingsmiles] Chamada da API de vitrines para landing page não funciona
508940088341624,[zattini] Estático sendo chamado e retornando 404
508890045887680,[Saraiva] [DEV] PDP do novo site responsivo sem template de vitrines
508909715437958,#22317 [Eudora] Ajustar cor do titulo da Vitrine
355814686284802,#22380 [Studioz] Vitrines sem imagens
507906351906747,[netshoes BR] Customização VP com nome de categoria
508379912700304,[Bazar Horizonte] Problemas no dash - área DESEMPENHO
507967512611247,[mmm-v5] vitrines não estão sendo exibidas
508004493784761,ESPECIFICAÇÕES DO CLIENTE (TAM & KAM)
508003451930830,[tiendasjumbofood] Análise Técnica
507985563600665,[tiendasjumbofood] Ativar Vitrines
507928583209854,[shoppingsmiles][FRONT] Desabilitar slots e one_call
507087826180480,[netshoes-ar] Ajustar imagem das vitrines
507351475779082,#22353 [eFácil] Erro vitrine histórico na busca
506836467705832,[SHOPFISIO] [DEV] Ajustar URL de Add to Cart
506201432852702,[Chillibeans] Push com menu não funciona
506025085035425,#22336 [Marisa] Centralizar FBT no desktop
505554339899832,[ns-zattini] QA vitrines API em homolog
505560942808504,#22305 [Marisa] Ícone da lista de desejos em local errado nas vitrines
505573993395119,[Compra Unilever] [DEV] Vitrines não são exibidas em todo site - homologação
505573993395116,[Lojas Rede] Exibir flag de lançamento
504988753771400,[Salcobrand][DEV] Vitrines não funcionam
504913805260918,[Strar] [DEV] remover inserção do neemu do tema
504913805260913,[STRAR] [DEV] Remover projeto no static
504519192993673,[Netshoes BR] [DEV] Ajustes - Ligar AB da vitrine UB na PDP
504532877244063,[eFacil][DEV] Link errado na vitrine HP na busca
504519193021668,[Saraiva] [DEV] validar neemu_plugin no site responsivo
355814686284791,#22287 [Marisa] Espaço entre vitrines na mesma div
503861959038005,[Valisere][DEV] Seletor de propriedades onsite
503674760891762,#22280 [C&C] Novo layout promovidos com Menu Mobile e Desktop
503749428133668,[Hering] [DEV] VP quebrando na home
503443083551278,[Netshoes BR] Ligar AB da vitrine UB na PDP
503644985681010,[Savegnago] Problema na renderização das promovidos
503123922411239,[ShopFisio] Acesso a view do sumário de FBT
503417085666782,[CompraCerta] [DEV] Implementação Busca e Vitrines no ambiente de Televendas - OnSite
503417085666777,#22219 [Whirlpool] Implementação Busca e Vitrines no ambiente de Televendas
502720524800533,#21767 [C&C] Ajuste FT Mobile
502713328420085,[Compra Unilever] [DEV] Ajuste na URL dos produtos
499748806877132,#22073 [Saraiva] atualizar imagens da avaliação dos produtos
499692368852233,[Compra Unilever] [DEV] Ajustes no ambiente de homologação
501575764372001,[Lebes][FRONT] Ajustar o meta para landing_Page
501368456537424,[MMM] Ajustar layout vitrine Promovidos menu
500987612073236,[Dzarm] [DEV] Ajuste - Produto correto no platform porem exibindo infos incorretas em vitrines
500486843540997,[Saraiva] [DEV] vitrines no template responsivo
499956711819489,[Savegnago] [DEV] Ajuste nos selos dinâmicos
500105779269843,[Petlove][DEV] Erro catalogo cliente
500105779269842,#22131 [Petlove] Erro catalogo cliente 
499935478653460,#22189 [eFacil] Selos não estão aparecendo nas vitrines
499769861698587,[FastShop] [DEV] Ajustes 2 - Implementar API de preço utilizando API do onsite
500105779269838,[CursosLivresEAD][DEV] Problema Push com MENU
500105779269837,#22185 [CursosLivresEAD] Problema Push com MENU
499935478656464,[Studio Z] Exportar promovidos com menu
499956711813486,[Paquetá Esportes] [DEV] Preços errados nas Vitrines
499769861698560,[Netshoes BR] [DEV] Ajustes 2- Ajustes para novos skins teste AB - FBT,UB e SC
498062220219160,[netshoes BR] [DEV] Ocultar SC no caso de erro da API de preço falhar
499677023133241,[multiplus][FRONT] Investigar o analytics
498942931671029,[Dzarm] [DEV] Ajuste - Produto correto no platform porem exibindo infos incorretas em vitrines
498945488908862,[Netshoes-BR][DEV] As vezes acontece de montar a vitrine com uma imagem absurdamente grande. UB_AB.png
498790523885198,[Dzarm] [DEV] Produto correto no platform porem exibindo infos incorretas em vitrines
498686859680637,[ns-zattini] Upgrade onsite-js versão v6.36.1 
498657328775204,[SCHUMANN] [DEV] Regra para cálculo do preço
498039627314856,[Saraiva] [DEV] Retirar validações da antiga API no código
498147292880112,#21767 [C&C] FT Cortando nome do produto no Mobile
498028466228421,[ns-zattini][DEV] Ajustes - Adicionar info frete gratis e preço a partir de
497945593345111,[Natura] Seletores sumiram das vitrines
497945593345108,[Savegnago] Botão comprar não funciona 
497945593345109,[Savegnago] [DEV] Botão comprar não funciona 
497894378917718,[Studio Z] [DEV] Adaptar onsite para suportar https
497876399863001,[Studio Z] [CSE] Verificar necessidades de alteração gerais
497876399862996,#22148 [STUDIO Z] Migrar site para HTTPS
497606688445270,[ns-zattini] Falha no loader gerando quebra na SC
488423589042595,[ns-zattini][DSN} Criar skin da HP igual ao da SC
497292011573564,[ns-asicstiger] Integração nova Loja Freedom
496740435554697,#21539 [C&C] Ajustar layout do selo de desconto das Vitrines
496887465393135,[Netshoes] Recs faltando na Ultimate Buy
496730216691369,[Compra Unilever] [DEV] Investigar display:none no ambiente de homologação
496561918207775,[Saraiva] [DEV] Vitrines | alterar endpoint de preço de todas as vitrines
495706579022630,#22117 [Sephora] Vitrine similares parou de ser exibida na PDP
495653269400479,[cursoslivresead] Ajustar busca mobile
495653269400476,[portalpos] Exportar push com menu
495274387260831,[multiplus][FRONT] Retirar o Skin da vitrine de historico do carrinho
495216232942334,#22094 [Marisa] Vitrine quebrando no mobile
494197269161898,[Netshoes BR] Criar Skin da promovidos com titulo centralizado
494197269161892,[Netshoes BR] Correção API preço na FBT e SC
494197269161891,[P][Netshoes BR] Correção API preço na FBT e SC
492284793096463,[Netshoes] Novo layout FBT para teste A/B
492917568991920,[FastShop] [DEV] Ajustes - Implementar API de preço utilizando API do onsite
492794640217237,[Compra Unilever] Produto errado aparecendo na campanha
492416306471588,#22059 [Studio Z] Incluir info em card de produto de vitrines
492313254411937,#22062 [Electrolux] Comentar código que renderiza Trustvox no front
492302490527696,[Olympikus] [DEV] Ajustes -  Migrar freedom
492197082830808,[ns-zattini] Adicionar info frete gratis e preço a partir de
492189616963904,#22055 [Efacil] Exportar layout push com menu
492103435104253,#21539 [C&C] Selo de desconto não esta aparecendo nas Vitrines
491948371261007,[Savegnago] Layout Promovidos - Novo Skin
491714427652872,[Vitrines] Comportamento estranho na FBT
491804521758904,[Compra Unilever] [DEV] Configurar Modal
491747961345144,[Netshoes MX] Vitrines sem cobertura
491046430879108,[Compra Unilever] [VITRINES] Ajuste na N4U
491046430879107,[Compra Unilever] Ajuste na N4U
491046430879106,[Compra Unilever] [DEV] Verificar possibilidade de não recomendar unidade e caixa
491046430879103,[Compra Unilever] Verificar possibilidade de não recomendar unidade e caixa
491046430879101,[Compra Unilever] Ajuste no layout 
490925127088452,[Marisa][OnSite] Paginar vitrine com touch movimenta a página
490972186938248,[fastshop-v6] [FRONT] alterar para API de preço pegar do campo certo da base, pois foi alterado desligando a organica. (storeId e catEntryId)
490956522231934,[Netshoes][DEV] Ajustes de Novo layout FBT
490862977741243,#22025 [Marisa] Ajustar SC no mobile
490629002522525,[Petlove][DEV] Dash de vitrine zerado
475066741619772,#20601 [Petlove] {ON HOLD }Dash de busca e vitrines zerado
490629002564520,[mercatto][DEV] Sync parece não estar removendo produtos
490629002566519,[Savegnago] Layout da VP quebrando na home
490629002522519,[CursosLivresEAD] Exportar push Menu
490560540716833,[Marisa] Promovidos com add to cart para carrinho
489937002389032,#22005 [Eudora] Ajustes finos de layout das Vitrines da Home
490043194586275,ESPECIFICAÇÕES DO CLIENTE (TAM & KAM)
490041856980251,[jumbocol] Análise Técnica
490022534248092,[jumbocol] Ativar Vitrines
489740226328104,[StudioZ][RECS] Filtro de grade não está funcionando
489740226328103,[StudioZ] Filtro de grade não está funcionando
489399453301484,[Telhanorte] [DEV] Vitrines sem impressão
489399453301483,[Telhanorte] Vitrines sem impressão
489381687959387,[Época Cosméticos][DEV]Mudar preço que aparece nas vitrines
489399453301481,#21990 [Marisa] Paginação de vitrines em mobile movimentada página
489399453269482,[C&A] erro na coleta de buy orders
488742516814280,Task completada 2
488412635450756,[PR][shopfacil][FRONT] Ajustar o meta com preço e disponibilidade para a orgânica funcionar
488387569557485,[PR][shopfacil][FRONT] Vitrines funcionario.shopfacil.com.br
488248731112458,[eFacil] [DC] XML vindo sem selo mas Importer exibindo info
488248731112457,#21969 [eFacil] XML vindo sem selo mas Importer exibindo info
488074125647646,#21957 [marabraz] Ajustes vitrines pós BF
477859863022916,[Netshoes] Novo layout para teste A/B contra layouts antigos
487559081592179,[Netshoes BR] FBT adiciona produto na cor errada ao carrinho
487522397607030,[Vitrines] [FRONT] Implementação automática do TrustVox
487545333332620,[Vitrines] [FRONT] Melhorar imagens nos clientes Vtex (Roberto e Luan)
487370206632380,[puma/olympikus] [DEV] Fazer deploy no freedom
487454380255130,[2][tannino][FRONT] Analise técnica
487453756204517,[tannino] Análise Técnica
487441029465027,[tannino] Ativar Vitrines
487391607219515,[Velez] Vitrine da HOME na pagina de carrinho
487349728880740,[Compra Certa] Selos de BF não estão sendo exibidos em alguns produtos
487372834440071,[marabraz]Loading infinito na featured
487169040686195,[Valisere] [DEV] Segundos ajustes integração pós migração
487053150678564,[Netshoes BR] [DEV] Seletor de spec não funciona no Iphone, com Whey
487166590917305,[Sephora] [Desktop] [Rollback] Limitar % de desconto mínimo na busca
487134326934955,#21923 [lebes] Selos Black Friday
487124235796222,[Netshoes BR] [DEV] Selet or de spec não funciona no Iphone, com Whey
487126410871863,[ns-shoestock] Preço não aparece na vitrine
487061500229702,[Drogaria Araujo] DEV] Ajustar cálculo do sellingPrice
487012899012884,[Velez] erro JS na PDP
487012899012885,[Velez] Vitrine mostrada no carrinho mesmo desligada
487012899012883,[Velez] Vitrines com erro
487064395016842,#21876 [QDB] Product Ref da VP não esta com respeitando o data-skin
486989883876398,#21876 [Boticario] Colocar VP e MP no layout de BF
486898802543403,[puket][FRONT] Implementar chamada única para vitrines
486898802543402,[malwee][FRONT] Implementar chamada única para vitrines
486896039174973,[Drogaria Araujo] DEV] Ignorar variações do clusterHighlights
486975070549311,[compreipontuei][FRONT] Ajuste do pontos da FBT, eles estão sindos zerados
486935025049230,[eFacil] [DEV] Bug nas vitrines mobile
486893544470004,#21855 [Centauro] selos para BlackFriday 17
486533463429636,#21873 [Sephora] Alterar vitrine com menu de DIV
486357919999595,#21872 [marabraz] Ajuste vitrine push 
486529828629980,[multiplus][FRONT] Vitrine na PDP - tirar a tag do parceiro do meta
486480040370617,[Central de Vitrines] Remover fallback de títulos das vitrines
486454814482618,#21870 [Boticario] Ajustar cor do titulo das Vitrines no Mobile
485963959389137,[MMM] Voltar com lazyload e aplicar correção sugerida por time de produto
486460951601202,ESPECIFICAÇÕES DO CLIENTE (TAM & KAM)
486454791091746,[Carrefour] Análise Técnica
486454814482616,#21865 [TBB] Selo da BF cortano layout da HP na PDP
486444028582470,[Carrefour] Ativar Vitrines
486350658391280,#21868 [eFacil] Vitrines repetidas na home
485963959385137,[SHOPFISIO] [DEV] Revalidar XML
486015621353689,[malwee][FRONT] Ajustar ordenção do seletor de specs
486088654380132,[Natue][DEV] Requisições duplicadas nas vitrines
485760814943305,[Saraiva] [DEV] validar consulta à API de preço para lojas parceiras [busca] e [vitrines]
486054059951035,#21861 [eFacil] Ajustar vitrines mobile
486018588362708,[FUTFANATICS][CSE] Retirar Skin BF (cor e blackgroud vitrines)
486018588362707,[FUTFANATICS][CSE] Mudar Skin BF (cor e blackgroud vitrines)
485742549138024,[ns-zattini] [DEV] Ajuste 2 - Caregamento repetido de imagens na PDP
485726920020299,#21853 [Saraiva] add to cart não funciona no mobile
485646719237272,#21840 [Saraiva] Selos para BF
484957108827353,[Salcobrand] [DEV] Problema vitrines 
485298239427021,[Salcobrand] [DEV] ajustar captura de chaordic_meta para que não flipem dados quando atualizamo pelo XML
485214422649621,[Netshoes BR] [DEV] FBT no mobile some quando seleciona spec
484818326045929,[SHOPFISIO] [DEV] Botão Add2Cart vitrine de carrinho não funciona
485527182826940,#21843 [Brastemp] Preço dos produtos cortando na Push
485306174192970,[Oppa] Ajustar cor e texto das vitrines
485298239427017,[velez] Tirar cor da vitrine
485088573742333,[QDB] Colocar setas nas Vitrines
485065257035526,[ns-zattini][DEV] Ajuste - Carregamento repetido de imagens na PDP
483490104249955,[Netshoes BR] [DEV] FBT no mobile some quando seleciona spec
484818326043918,[Netshoes-MX] Vitrines com buracos
484818326043916,[Netshoes BR] Verificar configuração de No-repeat
484806541284712,#21827 [Sephora] Nova cor de skin para a vitrine Promovidos
483852831591232,#21812 [Futfanatics] Alterar cor e blackgroud vitrines 
484278841529254,[multiplus][FRONT] Vitrine Quebrando
484258394934598,[shopfacil][FRONT] Ajustes vindo do cliente parte 2
484100133463739,#21775 [eFacil] Exibir selo nas vitrines
482526938084214,[Netshoes BR] [DEV] Customização de endpoint API de Preço
483680712962509,[SHOPFISIO] [DEV] Preço apresentado na vitrine está errado
483490104323928,[Connect Parts] Exibir selo de instalação gratuita
483490104249942,[ns-zattini][DEV] Ajuste de selo
483539701763699,[polishop][FRONT] Customização webhooks
483476783001859,[taqi][FRONT] Incluir divs no mobile pelo beforeCurrent
483443350349450,[Fastshop] Problema com Lazy Loading no Mac
482779111498083,[ns-zattini] [DEV] Ajuste de Selo 
482741718758700,[futfantics][DEV] Vitrines não aparecendo no mobile
482741718758699,#21763 [futfantics] Vitrines não aparecendo no mobile
482689750044822,#21767 [C&C] Reskin Vitrine Destaque
482741718758695,#21772 [futfanatics] Ajustar espaçamento vitrines
482356399766973,[Boticario] [DS]Ajuste de layout pra Blackfriday - VITRINES
482377211668945,[Marisa][DEV] Ajustar lazyload
482347172430599,[ns-zattini] [DEV] Ajuste de Selo 
482259425615803,[Netshoes MX] Ajustar Selos
481788904791882,[Sephora] DSN] Layout vitrine Destaque
481788904791881,#21657 [Sephora] Layout vitrine Destaque
481817349989354,[zattini/netshoes-freedom] Promise priceApiAllGets sendo resolvida para vitrine que está no final da página
481853874509507,[multiplus][Dashboard] Dashboard não esta salvando.
481853874509508,[multiplus][FRONT] Vitrine não funciona a troca de produtos na vitrines "vc visitou"
481817349978361,[Drogaria Venancio] [DEV] Propriedade do pinspect não reflete no request
481504667065893,[Boticario] [DEV] Página de homologação de Boti não renderiza Vitrine
481367935396507,[netshoes BR] Alterar o label do filtro "Black November" para "Black Friday"
481627116658095,#21740 [Sephora] Layout Promovidos BF sem cor
481203740950482,[mercatto] [DSNAjustes -  layout solicitados pelo cliente
481259646352466,[shopfacil][FRONT] Ajustes vindo do cliente
481178699159073,[SHOPFISIO] [DEV] Vitrine histórico é apresentada sem nenhuma recomendação
473898931057292,[Netshoes Freedom] Atualizar onsite-js
479128758042863,[Puma] [DEV] Migrar freedom
479388083561167,[Electrolux] [DEV] Erro no script na página de e-mail do checkout
479388083561166,#21690 [Electrolux] Erro no script na página de e-mail do checkout
479224671150781,[multiplus][FRONT] Ajustar Cor dos botões e do botão do hover em preto igualmente o cliente fez na home
479018343781308,#21524 [lebes] Inserir selos - tag de NATAL 
471320928491888,[Compra Unilever] SI não renderiza em alguns produtos
479036428000712,#21685 [TBB] Ajuste de layout pra Blackfriday - VITRINES
478838934558280,[Buscapé] [DEV] índice de compra Vs índice de clique
478720935928823,[Onofre] [DEV] Retirar DE VEZ o SalesChannel do meta
478204115501715,ESPECIFICAÇÕES DO CLIENTE (TAM & KAM)
478203615526189,[polishop] Análise Técnica
477987245612206,[TBB] 3. Exportar Push com menu
477987245612205,[QDB] 2. Exportar Push com menu
477987245612204,[Boticario] 1. Exportar Push com men
477987245612203,#21211 [Grupo Boticário] Exportar Push com menu
478180335255198,[polishop] Ativar Vitrines
477987245612200,#21574 [C&C] Implementar selo de BF - Vitrines e Busca
477944217637239,[Onofre] [DEV] Ajustes - Retirar o SalesChannel do meta
477887557698890,#21619 [futfanatics] Retirar selos : personalize, ofertas e lançamentos da Featured (apenas)
477823170302186,[Saraiva] [DEV] Tagueamento Desktop | AddToCart
477823170300177,#21652 [Boticario] Ajuste de layout pra Blackfriday - VITRINES
477987245557199,[pariscl] Vitrine push não mostra campanha
477901803865055,[Saraiva] [DEV] API de preços não funciona ao trocar de categoria na Push Menu
477887557730887,#21653 [Marisa] Quebra no layout da home
477823170300172,#21646 [Electrolux] Implementar Trustvox - Busca e Vitrines
477640538012826,[Onofre] [DEV] Retirar o SalesChannel do meta
477575756091927,[ns-zattini] Separar Zattini do tema Freedom
477575756091928,[ns-zattini] Separar Zattini do tema Freedom
476720491567203,[ns-zattini] Rever eventos de disparo GA
477484557718480,[ns-zattini] Rever eventos de  disparo GA na PDP
477305206423182,[FastShop] [DEV] Implementar API de preço utilizando API do onsite
476620955005346,#21634 [QDB] Ajustes de layout para BlackFriday - VITRINES
476674324308494,[Natue][DEV] Atualizar versão do onsite
476577086810016,[ns-zattini] Ajustes Layout
476577086810017,[ns-zattini] Ajustes de Layout
476472747262090,#21632 [Marisa] Layout quebrado no mobile
476563581700353,[Electrolux] [DEV] Remover a ação de add2cart de todas as Vitrines
476563581689351,[Electrolux] [DEV] Remover a ação de add2cart de todas as Vitrines
476563581689349,#21611 [Electrolux] Remover a ação de add2cart de todas as Vitrines
476242131213289,[Netshoes BR] Investigar demora na apresentação das vitrines
476555859083101,[Drogaria Araujo] [DEV] Ajuste - Migrar modulo vtex para V4
476464209392354,[Eudora] Problema ao clicar na seta e clicka no produto na última rolagem da vitrine
476419215779336,#21585 [Centauro] alteração no skin de blackfriday (2016)
476287898185806,#21596 [C&A] gerar páginas de ofertas/descontos
476358294770551,[C&A] [DEV] inserir divs na página de ofertas
476287898143813,[Natue] Promovidos com menu
476258543172104,#21617 [Grupo Rosset] Mudança layout loja
475506865157657,[netshoes BR] Item hidden no carrossel
476221260040445,[PARCEIROAMBEV] [DEV] Vitrines não estão aparecendo
475395094232828,#21602 [Autoline] Vitrine Promovidos para Black Friday
475506865157656,[netshoes BR] Item hidden no carrossel
475590684255685,[Saraiva] [DEV] consulta a API de preço para lojas parceiras onsite
475544840008816,[pariscl] Skin vitrines PUSH
475141319909082,[studiozcalcados][FRONT] 3ª rodada ajustes multibrowser - ok
475194160879947,[Shopfácil] Exportar promovidos com menu
475158260389077,[FastShop][DEV] Refatorar função addToCard
475115062892126,[FastShop] Promovidos com menu - demora no carregamento dos preços
475141319875080,[DSGraph] [DEV] Alterar endpoints sync
475115062892121,[Marisa] Promovidos com menu quebrando layout
475141319875079,[DSGraph] [DEV] Alterar endpoint XML jake e forçar atualização de catálogo
475081827988881,[DSGraph] [DEV] [DEPLOY] Troca de domínio do cliente
473603869596986,[CompraCerta] [DEV] Ajuste - Bug Finalizar pedido - erro no nosso script
474649910630363,[ns-asics-ar] [DEV] Ajustes parte 2
473957293879384,[Netshoes] Ordenação das specs de tamanho imprecisa
474490736564092,[Sephora] DSN] Layout promovidos em lista
474131839099331,[Compra Unilever] Implementar flag
474352986306762,#21211 [C&C] Atualizar selos de desconto nas recomendações 
474352986306761,[KitchenAid] [DEV] Registrar usuários que estão inserindo e-mail no campo de News
474352986306760,#21570 [KitchenAid] Registrar usuários que estão inserindo e-mail no campo de News
466847832169836,[Marabraz][DEV] Ajustar a push menu vertical (%)
474284450408478,[Saraiva] [DEV] consulta a API de preço
474284450408477,#21565 [Saraiva] consulta a API de preço
474284450408474,[Centauro] [DEV]  atualizar para chamada única nas requisições
474284450408473,#21575 [Centauro] atualizar para chamada única nas requisições
474259965826582,[Drogaria Araujo] [DEV] Migrar modulo vtex para V4
474117324585713,[Animale] DEV] O quick-shop não está funcionando na vitrine push-menu
473898931057294,[Netshoes BR] Atualizar onsite-js
466847832169835,[Marabraz] Ajustes Reskin
473935630277173,[Savegnago] Implementar Trustvox Busca e Vitrines
473898930985292,[onofrefarma-v6][FRONT] Testar projeto Onofre no Docker de Vitrines
473892201543892,[PUKET] [DEV] Erro na vitrine: ao clicar no produto redireciona para a home
473359195905313,#21541 [Saraiva] consulta a API de preço para lojas parceiras
473228516874564,[Netshoes-AR] [DEV] Ajuste 2 - Ajuste em layout FBT e SC
473204643389840,[Dutra] [DEV] Vitrine SC não está registrando eventos de click
473204643409839,#21535 [MMM] Alterar layout vitrines - desktop e mobile
473204643390837,[Casa Show] Atualizar versão Onsite
473204643409837,#21540 [Telhanorte] Reskin Black Friday
472848551310366,[PARCEIROAMBEV] [DEV] Vitrines não aparecem
470235932697603,[netshoes-mx][DEV] Ajuste - selos com cor errada
473032166043811,[shopfacil][FRONT] A FBT não esta funcionando.
473000918170051,#21522 [Saraiva] [DEV] avaliar implementação das DIVs e integração no template responsivo
472899830788597,[ns-zattini] Configurar no-repeat com exclusão de repetição
472899830788593,[ns-zattini/mobly/fantoy] Força de categoria não aplicada
472867100253156,[Drogaria Araujo] [DEV] Migrar modulo vtex para V4
472765917401505,#21513 [Centauro] desativar imagem no formato webp
472619957024485,[multiplus][BACK] Verificar quebra caractere especial no nome de produto na vitrine
472113304398594,#21509 [Boticario] Atualizar imagem da BW - Vitrines
472102055215196,[Oppa] [DEV] Adaptar onsite para suportar https
471419796804977,[ns-zattini] Configurar no-repeat com exclusão de repetição
471852044282088,[Eudora] Ajuste de layout para BF - Home[
471852044282087,[TBB] Ajuste de layout para BF - Home
471852044282086,#21504 [Grupo Boticário] Ajuste de layout para BF - FIX SETA EUDORA
471600405238412,[Netshoes-AR] [DEV] Ajuste - Ajuste em layout FBT e SC
471419796804975,[ns-zattini] FBT não aparece na PDP
471570574816787,[studiozcalcados][FRONT] Vitrines não estão funcionando na studio Z
471320928533888,[Drogaria Venancio] Adicionar descrição nas vitrines de Destaques
470851328810761,[ns-zattini] Resultado ruim de busca
470716234716163,[netshoes BR] [DEV] Ajuste FBT para SKU sem preço
470716234716162,[netshoes BR] Ajustes FBT sem preço
470738302978553,#21364 [Mobly] Retirar borda cinza das vitrines
470663490926786,#21470 [Electrolux] Ajuste layout FT
470584998273517,[Comprei Pontuei] Exportar promovidos com menu
470469814863467,[pariscl] [DEV] Ajuste - Erro imagem SKUS - produto desligado antes de cyberweek
470293535394050,[Autoline] Vitrine HP no mobile não tem link pra PDP
470235932697604,Ajustes Black November
470158377098271,[Electrolux] Exportar Promovidos com menu
548314547703818,Observar se há necessidade do tooltip nos botões, pois na maioria das vezes os botões se expandem. Nestes casos o tooltip é desnecessário.
548314548599413,Configurar número minimo e máximo de recs por vitrine
548314549061494,Se tiver font-family, colocar sempre o preload da fonte
548314549245063,Validação da Interface:
548314550282994,Quando o cliente for LATAM, observar se todas as vitrines estão internacionalizadas. (Título, moeda, tooltip);
548314553964962,Observar se os estilos das fontes (negrito, tachado, etc.) estão de acordo com o que o cliente aprovou;
548314554578911,Atentar para a quantidade de caracteres no nome da fonte, pois o IE não reconhece a fonte com nome muito grande;
548314556333817,Atentar para uso de position: no caso de elementos posicionados pelo top, declarar o top, mesmo se for 0, pois sem o top, o firefox posiciona o elemento para baixo;
548314556768690,Seletores de quantidade com botão de "+" e "-" devem ser verificados com atenção em android e firefox, é comum apresentarem problemas de layout;
548314557571138,Verificar se área de toque da seta está adequada quando construída com CSS (considerar um tamanho de aproximadamente 40px x 40px);
548314559481370,Loop scroll nas setas: se o loop scroll estiver true para o carousel, mas no css existir bloqueio na classe disabled, o carousel não vai ficar infinito;
548314560035918,Atentar para a quantidade de caracteres no nome da fonte, pois o IE não reconhece a fonte com nome muito grande;
546492216989699,FRONT:
546485486687112,[1][arredo-ar][FRONT] Deploy e Monitoria
536492814644576,FRONT:
536482938196887,[1][natura][FRONT] Deploy e Monitoria
540117674096036,[netshoes-br][RECS] Migrar configurações do dashboard
533255122289626,[1][netshoes-br][FRONT] Deploy e Monitoria
531797385733202,FRONT:
531785792964174,[1][extra][FRONT] Deploy e Monitoria
527207056357117,FRONT:
527187642316960,[1][uninassau][FRONT] Deploy e Monitoria
522960836445154,[IngressoRápido] [CSE] Kickof com o cliente
521156269323865,Observar se há necessidade do tooltip nos botões, pois na maioria das vezes os botões se expandem. Nestes casos o tooltip é desnecessário.
521156270407012,Configurar número minimo e máximo de recs por vitrine
521156270778836,Se tiver font-family, colocar sempre o preload da fonte
521156273429800,Validação da Interface:
521157485221477,Quando o cliente for LATAM, observar se todas as vitrines estão internacionalizadas. (Título, moeda, tooltip);
521157485920401,Observar se os estilos das fontes (negrito, tachado, etc.) estão de acordo com o que o cliente aprovou;
521157486433790,Atentar para a quantidade de caracteres no nome da fonte, pois o IE não reconhece a fonte com nome muito grande;
521157488012448,Atentar para uso de position: no caso de elementos posicionados pelo top, declarar o top, mesmo se for 0, pois sem o top, o firefox posiciona o elemento para baixo;
521157490578877,Seletores de quantidade com botão de "+" e "-" devem ser verificados com atenção em android e firefox, é comum apresentarem problemas de layout;
521157491604479,Verificar se área de toque da seta está adequada quando construída com CSS (considerar um tamanho de aproximadamente 40px x 40px);
521157492049233,Loop scroll nas setas: se o loop scroll estiver true para o carousel, mas no css existir bloqueio na classe disabled, o carousel não vai ficar infinito;
521157492953094,Atentar para a quantidade de caracteres no nome da fonte, pois o IE não reconhece a fonte com nome muito grande;
521105813160891,Observar se há necessidade do tooltip nos botões, pois na maioria das vezes os botões se expandem. Nestes casos o tooltip é desnecessário.
521105813494373,Configurar número minimo e máximo de recs por vitrine
521105813785328,Se tiver font-family, colocar sempre o preload da fonte
521105814272063,Validação da Interface:
521105814800093,Quando o cliente for LATAM, observar se todas as vitrines estão internacionalizadas. (Título, moeda, tooltip);
521105815488705,Observar se os estilos das fontes (negrito, tachado, etc.) estão de acordo com o que o cliente aprovou;
521105816843736,Atentar para a quantidade de caracteres no nome da fonte, pois o IE não reconhece a fonte com nome muito grande;
521105818182938,Atentar para uso de position: no caso de elementos posicionados pelo top, declarar o top, mesmo se for 0, pois sem o top, o firefox posiciona o elemento para baixo;
521105818290735,Seletores de quantidade com botão de "+" e "-" devem ser verificados com atenção em android e firefox, é comum apresentarem problemas de layout;
521105818470582,Verificar se área de toque da seta está adequada quando construída com CSS (considerar um tamanho de aproximadamente 40px x 40px);
521105818714512,Loop scroll nas setas: se o loop scroll estiver true para o carousel, mas no css existir bloqueio na classe disabled, o carousel não vai ficar infinito;
521105819577667,Atentar para a quantidade de caracteres no nome da fonte, pois o IE não reconhece a fonte com nome muito grande;
518632410011439,FRONT:
538401690780678,[Tenda][TAM] Pegar infos (flags) que estão no clusterhilights, creio que tenha que usars webhook
518609637220898,[1][Tenda][FRONT] Deploy e Monitoria
510943417214431,FRONT:
510940195283530,[1][iplace][FRONT] Deploy e Monitoria
509960129378513,FRONT:
509957973882735,[1][petlove][FRONT] Deploy e Monitoria
507995232033784,FRONT:
507988782687686,[1][tiendasjumbofood][FRONT] Deploy e Monitoria
497307703526029,Observar se há necessidade do tooltip nos botões, pois na maioria das vezes os botões se expandem. Nestes casos o tooltip é desnecessário.
497307703958239,Configurar número minimo e máximo de recs por vitrine
497307704182520,Se tiver font-family, colocar sempre o preload da fonte
497307704350537,Validação da Interface:
497307706063891,Quando o cliente for LATAM, observar se todas as vitrines estão internacionalizadas. (Título, moeda, tooltip);
497307707938980,Observar se os estilos das fontes (negrito, tachado, etc.) estão de acordo com o que o cliente aprovou;
497307708112416,Atentar para a quantidade de caracteres no nome da fonte, pois o IE não reconhece a fonte com nome muito grande;
497307708316508,Atentar para uso de position: no caso de elementos posicionados pelo top, declarar o top, mesmo se for 0, pois sem o top, o firefox posiciona o elemento para baixo;
497307708542852,Seletores de quantidade com botão de "+" e "-" devem ser verificados com atenção em android e firefox, é comum apresentarem problemas de layout;
497307708964793,Verificar se área de toque da seta está adequada quando construída com CSS (considerar um tamanho de aproximadamente 40px x 40px);
497307709125613,Loop scroll nas setas: se o loop scroll estiver true para o carousel, mas no css existir bloqueio na classe disabled, o carousel não vai ficar infinito;
497307710124063,Atentar para a quantidade de caracteres no nome da fonte, pois o IE não reconhece a fonte com nome muito grande;
490031095180594,FRONT:
490020318355012,[1][jumbocol][FRONT] Deploy e Monitoria
487447569970891,FRONT:
486450323388301,FRONT:
486444039287940,[1][Carrefour][FRONT] Deploy e Monitoria
477987245612204,[Boticario] 1. Exportar Push com men
477987245612205,[QDB] 2. Exportar Push com menu
477987245612206,[TBB] 3. Exportar Push com menu
478190870968951,FRONT:
509668111239217,[polishop][FRONT] Investigar problema com imagens
478180347143508,[1][polishop][FRONT] Deploy e Monitoria
472655500294677,1 - As imagens usadas em todas as vitrines estão com a resolução muito ruim. IMAGES.png
472655500294681,2 - Na página de categoria do cliente, as infos de installment são exibidas de forma diferente. Acho que faz mais sentido seguir o padrão do cliente. Ex: "6 meses de $ 258,17"
472655500294682,3 - Ordenar as specs de tamanho numéricas (FBT e SC)
472655500294686,5 - No mobile a SC está com layout cortado. SC.png
472939626714084,6 - No IE11 a FBT não está adicionando produtos ao carrinho.
472939626714085,7 - No IE11 a SC não está adicionando produtos ao carrinho.
