id,name
531317076142788,[Lojas Melissa+Shops]Exportar push com menu
522960836445147,#22668 [IngressoRápido] Exportar novas vitrines / reskin
521285371974737,[ns-zattini][DEV] Ajustes - implementar preço de combo na FBT
515045230162718,[ns-zattini][DEV] implementar preço de combo na FBT
499769861698587,[FastShop] [DEV] Ajustes 2 - Implementar API de preço utilizando API do onsite
499935478656464,[Studio Z] Exportar promovidos com menu
495653269400476,[portalpos] Exportar push com menu
492917568991920,[FastShop] [DEV] Ajustes - Implementar API de preço utilizando API do onsite
492189616963904,#22055 [Efacil] Exportar layout push com menu
490629002522519,[CursosLivresEAD] Exportar push Menu
486898802543403,[puket][FRONT] Implementar chamada única para vitrines
486898802543402,[malwee][FRONT] Implementar chamada única para vitrines
548314547703818,Observar se há necessidade do tooltip nos botões, pois na maioria das vezes os botões se expandem. Nestes casos o tooltip é desnecessário.
548314548599413,Configurar número minimo e máximo de recs por vitrine
548314549061494,Se tiver font-family, colocar sempre o preload da fonte
548314549245063,Validação da Interface:
548314550282994,Quando o cliente for LATAM, observar se todas as vitrines estão internacionalizadas. (Título, moeda, tooltip);
548314553964962,Observar se os estilos das fontes (negrito, tachado, etc.) estão de acordo com o que o cliente aprovou;
548314554578911,Atentar para a quantidade de caracteres no nome da fonte, pois o IE não reconhece a fonte com nome muito grande;
548314556333817,Atentar para uso de position: no caso de elementos posicionados pelo top, declarar o top, mesmo se for 0, pois sem o top, o firefox posiciona o elemento para baixo;
548314556768690,Seletores de quantidade com botão de "+" e "-" devem ser verificados com atenção em android e firefox, é comum apresentarem problemas de layout;
548314557571138,Verificar se área de toque da seta está adequada quando construída com CSS (considerar um tamanho de aproximadamente 40px x 40px);
548314559481370,Loop scroll nas setas: se o loop scroll estiver true para o carousel, mas no css existir bloqueio na classe disabled, o carousel não vai ficar infinito;
548314560035918,Atentar para a quantidade de caracteres no nome da fonte, pois o IE não reconhece a fonte com nome muito grande;
546492216989699,FRONT:
546485486687112,[1][arredo-ar][FRONT] Deploy e Monitoria
536492814644576,FRONT:
536482938196887,[1][natura][FRONT] Deploy e Monitoria
540117674096036,[netshoes-br][RECS] Migrar configurações do dashboard
533255122289626,[1][netshoes-br][FRONT] Deploy e Monitoria
531797385733202,FRONT:
531785792964174,[1][extra][FRONT] Deploy e Monitoria
527207056357117,FRONT:
527187642316960,[1][uninassau][FRONT] Deploy e Monitoria
522960836445154,[IngressoRápido] [CSE] Kickof com o cliente
521156269323865,Observar se há necessidade do tooltip nos botões, pois na maioria das vezes os botões se expandem. Nestes casos o tooltip é desnecessário.
521156270407012,Configurar número minimo e máximo de recs por vitrine
521156270778836,Se tiver font-family, colocar sempre o preload da fonte
521156273429800,Validação da Interface:
521157485221477,Quando o cliente for LATAM, observar se todas as vitrines estão internacionalizadas. (Título, moeda, tooltip);
521157485920401,Observar se os estilos das fontes (negrito, tachado, etc.) estão de acordo com o que o cliente aprovou;
521157486433790,Atentar para a quantidade de caracteres no nome da fonte, pois o IE não reconhece a fonte com nome muito grande;
521157488012448,Atentar para uso de position: no caso de elementos posicionados pelo top, declarar o top, mesmo se for 0, pois sem o top, o firefox posiciona o elemento para baixo;
521157490578877,Seletores de quantidade com botão de "+" e "-" devem ser verificados com atenção em android e firefox, é comum apresentarem problemas de layout;
521157491604479,Verificar se área de toque da seta está adequada quando construída com CSS (considerar um tamanho de aproximadamente 40px x 40px);
521157492049233,Loop scroll nas setas: se o loop scroll estiver true para o carousel, mas no css existir bloqueio na classe disabled, o carousel não vai ficar infinito;
521157492953094,Atentar para a quantidade de caracteres no nome da fonte, pois o IE não reconhece a fonte com nome muito grande;
521105813160891,Observar se há necessidade do tooltip nos botões, pois na maioria das vezes os botões se expandem. Nestes casos o tooltip é desnecessário.
521105813494373,Configurar número minimo e máximo de recs por vitrine
521105813785328,Se tiver font-family, colocar sempre o preload da fonte
521105814272063,Validação da Interface:
521105814800093,Quando o cliente for LATAM, observar se todas as vitrines estão internacionalizadas. (Título, moeda, tooltip);
521105815488705,Observar se os estilos das fontes (negrito, tachado, etc.) estão de acordo com o que o cliente aprovou;
521105816843736,Atentar para a quantidade de caracteres no nome da fonte, pois o IE não reconhece a fonte com nome muito grande;
521105818182938,Atentar para uso de position: no caso de elementos posicionados pelo top, declarar o top, mesmo se for 0, pois sem o top, o firefox posiciona o elemento para baixo;
521105818290735,Seletores de quantidade com botão de "+" e "-" devem ser verificados com atenção em android e firefox, é comum apresentarem problemas de layout;
521105818470582,Verificar se área de toque da seta está adequada quando construída com CSS (considerar um tamanho de aproximadamente 40px x 40px);
521105818714512,Loop scroll nas setas: se o loop scroll estiver true para o carousel, mas no css existir bloqueio na classe disabled, o carousel não vai ficar infinito;
521105819577667,Atentar para a quantidade de caracteres no nome da fonte, pois o IE não reconhece a fonte com nome muito grande;
518632410011439,FRONT:
538401690780678,[Tenda][TAM] Pegar infos (flags) que estão no clusterhilights, creio que tenha que usars webhook
518609637220898,[1][Tenda][FRONT] Deploy e Monitoria
510943417214431,FRONT:
510940195283530,[1][iplace][FRONT] Deploy e Monitoria
509960129378513,FRONT:
509957973882735,[1][petlove][FRONT] Deploy e Monitoria
507995232033784,FRONT:
507988782687686,[1][tiendasjumbofood][FRONT] Deploy e Monitoria
497307703526029,Observar se há necessidade do tooltip nos botões, pois na maioria das vezes os botões se expandem. Nestes casos o tooltip é desnecessário.
497307703958239,Configurar número minimo e máximo de recs por vitrine
497307704182520,Se tiver font-family, colocar sempre o preload da fonte
497307704350537,Validação da Interface:
497307706063891,Quando o cliente for LATAM, observar se todas as vitrines estão internacionalizadas. (Título, moeda, tooltip);
497307707938980,Observar se os estilos das fontes (negrito, tachado, etc.) estão de acordo com o que o cliente aprovou;
497307708112416,Atentar para a quantidade de caracteres no nome da fonte, pois o IE não reconhece a fonte com nome muito grande;
497307708316508,Atentar para uso de position: no caso de elementos posicionados pelo top, declarar o top, mesmo se for 0, pois sem o top, o firefox posiciona o elemento para baixo;
497307708542852,Seletores de quantidade com botão de "+" e "-" devem ser verificados com atenção em android e firefox, é comum apresentarem problemas de layout;
497307708964793,Verificar se área de toque da seta está adequada quando construída com CSS (considerar um tamanho de aproximadamente 40px x 40px);
497307709125613,Loop scroll nas setas: se o loop scroll estiver true para o carousel, mas no css existir bloqueio na classe disabled, o carousel não vai ficar infinito;
497307710124063,Atentar para a quantidade de caracteres no nome da fonte, pois o IE não reconhece a fonte com nome muito grande;
490031095180594,FRONT:
490020318355012,[1][jumbocol][FRONT] Deploy e Monitoria
487447569970891,FRONT:
486450323388301,FRONT:
486444039287940,[1][Carrefour][FRONT] Deploy e Monitoria
