id,name
546496095612994,Implementar chaordic_meta
546483969519442,[6][arredo-ar][FRONT] Implementar reconstrução de carrinho
546482547684721,[arredo-ar] Exportar campanhas
546474465899492,[arredo-ar] Exportar Layout
542766027542684,[pontofrio] Exportar Layout Busca Mobile
539232844072323,[LojasRenner][FRONT] Implementar o AC na busca do cliente
536495329099019,Implementar chaordic_meta
536481156014863,[6][natura][FRONT] Implementar reconstrução de carrinho
536481142370100,[natura] Exportar campanhas
536467948526231,[natura] Exportar Layout
534308630293476,[shopfisio][Front] Implementar o botão para fechar o AC no                 mobile - ok
533222227144778,[netshoes-br] Exportar Layout
531782971268984,[6][extra][FRONT] Implementar reconstrução de carrinho
531779893765649,[extra] Exportar campanhas
531767313030874,[extra] Exportar Layout
527214768387364,Implementar chaordic_meta
527183666835219,[6][uninassau][FRONT] Implementar reconstrução de carrinho
527182007353956,[uninassau] Exportar campanhas
527163985549634,[uninassau] Exportar Layout
519496376052354,[casaevideo][BACK] Exportar base de sinônimos, VQs e expansões
513208966871150,[tiendasjumbofood] Implementar webhook para capturar Price-per-unit
511750129700139,[taqi][BACK] Implementar installments no jakex
511372834664926,[centauro-v5] Exportar Layout
511060273063361,[compreipontuei] Exportar Layout
510944810653565,Implementar chaordic_meta
510939895785236,[6][iplace][FRONT] Implementar reconstrução de carrinho
510938753961747,[iplace] Exportar campanhas
510937912026716,[iplace] Exportar Layout
509960694232624,Implementar chaordic_meta
509957454099464,[6][petlove][FRONT] Implementar reconstrução de carrinho
509957421339420,[petlove] Exportar campanhas
509955416962407,[petlove] Exportar Layout
508397001268760,[eFacil][FRONT] Implementar canal por API do cliente
507997696650240,Implementar chaordic_meta
507987551044866,[6][tiendasjumbofood][FRONT] Implementar reconstrução de carrinho
507987075073340,[tiendasjumbofood] Exportar campanhas
507985533901423,[tiendasjumbofood] Exportar Layout
502238557784513,[eFacil] [DEV] Exportar lista de VQD, sinônimo e expansão do backend da busca
490033726316982,Implementar chaordic_meta
490020370211738,[6][jumbocol][FRONT] Implementar reconstrução de carrinho
490018192617853,[jumbocol] Exportar campanhas
490013556415147,[jumbocol] Exportar Layout
546497337318743,Notificar time de Recs para gerar recomendações
546492216989699,FRONT:
546485486687112,[1][arredo-ar][FRONT] Deploy e Monitoria
546485027504530,[arredo-ar][TAM] Ligar emailEnabled na clients
546483971057259,FRONT:
546483969519442,[6][arredo-ar][FRONT] Implementar reconstrução de carrinho
546479537264316,Análise Técnica:
546479541689252,Acompanhar os itens da análise técnica durante o desenvolvimento
546479540492016,Geral:
546479535643095,Implementar adição e acesso ao carrinho
546479530399439,Implementar login do cliente
546479517849474,Verificar requisições para serviços do cliente
546478622844611,Verificar cookies do cliente
546479514733411,Customização dos componentes:
546479513903501,Configurar componentes para realizar busca por ajax: neemu-setup-search.js
546479512161348,Integração:
546479511512383,Verificar se chaordic_meta está sendo informado como "search"
546478634835841,Colocar divs chaordic genéricas para inserção do onSite
546478633956366,Checklist final:
546478627052721,AC - Verificar se cliente mantém query de busca no input do formulário.
546478572474046,AC - Barra flutuante, verificar se o comportamento está parecido com o do cliente e se ao fazer o scroll ele se mantém posicionado
546478612217552,Flags - Verificar se todas as flags requeridas na AT foram implementadas (confira com TAM)
546478610563389,Seletores de quantidade com botão de "+" e "-" devem ser verificados com atenção em android e firefox, é comum apresentarem problemas de layout
546478606610993,Neemu-pages - testar local e ligar no rundeck
546478605702993,Https/certificados - Verificar se troca de formulário está sendo feita em páginas https(checkout) e se certificados de segurança estão sendo mostrados
546478600413376,Proxy/Cors - Verificar se estamos setando todos os necessários.
546478603786053,Ajax - verificar se funcionalidades da busca estão vinculadas ao ajax e não fazendo o reload.
546480775443776,BACK:
546479554595101,FRONT:
546479549191321,[arredo-ar][TAM] Realizar apontamento CNAME para endereço de busca
546478570202993,[arredo-ar][FRONT] Ligar e testar atualizador de templates
544253547613080,[pontofrio][FRONT] Validação de template mobile em HTML
546245771212394,[pontofrio][CLOUD] Deixar staging no ar esse fds
531730534470497,[pontofrio][FRONT] Ligar e testar atualizador de templates
536495304217938,Notificar time de Recs para gerar recomendações
536492814644576,FRONT:
536482938196887,[1][natura][FRONT] Deploy e Monitoria
536482927961130,[natura][TAM] Ligar emailEnabled na clients
536482165312307,FRONT:
536481156014863,[6][natura][FRONT] Implementar reconstrução de carrinho
536478109555104,Análise Técnica:
536478090690357,Acompanhar os itens da análise técnica durante o desenvolvimento
536478105580322,Geral:
536478078043217,Implementar adição e acesso ao carrinho
536469265188962,Implementar login do cliente
536478089901529,Verificar requisições para serviços do cliente
536478087296048,Verificar cookies do cliente
536478087296046,Customização dos componentes:
536478086138888,Configurar componentes para realizar busca por ajax: neemu-setup-search.js
536478084621193,Integração:
536476340780109,Verificar se chaordic_meta está sendo informado como "search"
536476344230573,Colocar divs chaordic genéricas para inserção do onSite
536476378971759,Checklist final:
536476370368409,AC - Verificar se cliente mantém query de busca no input do formulário.
536475172348982,AC - Barra flutuante, verificar se o comportamento está parecido com o do cliente e se ao fazer o scroll ele se mantém posicionado
536476365502444,Flags - Verificar se todas as flags requeridas na AT foram implementadas (confira com TAM)
536476346311970,Seletores de quantidade com botão de "+" e "-" devem ser verificados com atenção em android e firefox, é comum apresentarem problemas de layout
536476354943726,Neemu-pages - testar local e ligar no rundeck
536476352564932,Https/certificados - Verificar se troca de formulário está sendo feita em páginas https(checkout) e se certificados de segurança estão sendo mostrados
536476343213728,Proxy/Cors - Verificar se estamos setando todos os necessários.
536476347890090,Ajax - verificar se funcionalidades da busca estão vinculadas ao ajax e não fazendo o reload.
536481111530427,BACK:
536478095308002,FRONT:
536476355323037,[natura][TAM] Realizar apontamento CNAME para endereço de busca
536476344385298,[natura][FRONT] Ligar e testar atualizador de templates
540117674096036,[netshoes-br][RECS] Migrar configurações do dashboard
533255122289626,[1][netshoes-br][FRONT] Deploy e Monitoria
533242101264326,BACK:
175104722793618,[P0][Netshoes-br][FRONT] Ajustes nos filtros 
540117674096037,[netshoes-br][BUSCA] Migrar configurações do dashboard
541507009479623,[netshoes-br][BACK] Replicar ajuste feito na Zattini
542006494215340,[netshoes-br][BACK] Autocomplete/Popular e Pages não retornam na API de busca
547344208162380,[netshoes-br][BACK] Ordenação e cache
542053512589275,1ª Rodada de testes de API onebrowser:
542053512589276,[netshoes-br][BACK] 1ª Rodada de testes de API onebrowser
544760496934097,[netshoes-br][TAM] 1ª Rodada de testes de API onebrowser
531797385733202,FRONT:
531785792964174,[1][extra][FRONT] Deploy e Monitoria
531783988665928,[extra][TAM] Ligar emailEnabled na clients
531782986795783,FRONT:
531782971268984,[6][extra][FRONT] Implementar reconstrução de carrinho
532566140597108,Checklist de implementação feita na netshoes/pontofrio:
532566140597109,theme-netshoes: Injeção do neemu_plugin no before current. O autocomplete deve ser chamado diretamente do thema e não da extração, o buscaHomolog também deve ser implementando no thema. Copiar código da netshoes. 
532566140597110,Autocomplete: - Objeto "Logger" para enviar infos através do nosso objeto chaordic: window.chaordic.event.Tron 
532566140597111,Autocomplete: - Utilizar proxy na função beforeProductLoad para fazer chamada na API de preços e outras customizações, como modificar o size da imagem, assim deixando mais rápida a renderização.
532566140597112,Busca: Objeto "Logger" para enviar infos através do nosso objeto chaordic: window.chaordic.event.Tron 
532566140597113,Busca:- Objecto ApiProduct, que faz todos os tratamentos de chamada a api de preços, chamado no neemu-setup-search.js, na função setupActions.
532566140597114,Busca:- Minificação dos javascripts e CSS da busca. Criados dois arquivos para realizar essas tasks:  process-css.js e process-js.js. Criado também package.json, que é de onde os comandos são "rodados".
531775877315706,Análise Técnica:
531775899517524,Acompanhar os itens da análise técnica durante o desenvolvimento
531775863032753,Geral:
531776917653530,Implementar adição e acesso ao carrinho
531776915651269,Implementar login do cliente
531775889911906,Verificar requisições para serviços do cliente
531775859335514,Verificar cookies do cliente
531775884021983,Customização dos componentes:
531775885534402,Configurar componentes para realizar busca por ajax: neemu-setup-search.js
531775884116266,Integração:
531771681863532,Verificar se chaordic_meta está sendo informado como "search"
531774751674623,Colocar divs chaordic genéricas para inserção do onSite
531775877793145,Checklist final:
531774732939809,AC - Verificar se cliente mantém query de busca no input do formulário.
531775859172391,AC - Barra flutuante, verificar se o comportamento está parecido com o do cliente e se ao fazer o scroll ele se mantém posicionado
531774720887699,Flags - Verificar se todas as flags requeridas na AT foram implementadas (confira com TAM)
531775835049155,Seletores de quantidade com botão de "+" e "-" devem ser verificados com atenção em android e firefox, é comum apresentarem problemas de layout
531770040468419,BACK:
531776930220743,FRONT:
548581001222999,[extra][FRONT] Problemas no template
531776776368628,[extra][TAM] Realizar apontamento CNAME para endereço de busca
532609683892515,[extra][FRONT] Implementação Adobe Analytics
531774698841853,[extra][FRONT] Ligar e testar atualizador de templates
532897359935449,Solicitações do cliente:
532897359935450,A paginação deve ser como na busca atual, com o botão "Mostrar mais produtos" e não com nossa paginação padrão
531765008278413,Análise Técnica:
531765008278415,Acompanhar os itens da análise técnica durante o desenvolvimento
531765008278417,Geral:
531765008278419,Implementar adição e acesso ao carrinho
531765008278421,Implementar login do cliente
531765008278423,Verificar requisições para serviços do cliente
531765008278425,Verificar cookies do cliente
531765008278427,Customização dos componentes:
531765008278429,Configurar componentes para realizar busca por ajax: neemu-setup-search.js
531765008278431,Integração:
531765535484687,Verificar se chaordic_meta está sendo informado como "search"
531765535944623,Colocar divs chaordic genéricas para inserção do onSite
531765536107714,Checklist final:
531765540431545,AC - Verificar se cliente mantém query de busca no input do formulário.
531765541612021,AC - Barra flutuante, verificar se o comportamento está parecido com o do cliente e se ao fazer o scroll ele se mantém posicionado
531767296859660,Flags - Verificar se todas as flags requeridas na AT foram implementadas (confira com TAM)
531767297404599,Seletores de quantidade com botão de "+" e "-" devem ser verificados com atenção em android e firefox, é comum apresentarem problemas de layout
531767301359262,Neemu-pages - testar local e ligar no rundeck
531767301868309,Https/certificados - Verificar se troca de formulário está sendo feita em páginas https(checkout) e se certificados de segurança estão sendo mostrados
531767302534151,Proxy/Cors - Verificar se estamos setando todos os necessários.
531767305047507,Ajax - verificar se funcionalidades da busca estão vinculadas ao ajax e não fazendo o reload.
530921808438589,Análise Técnica:
530921808438591,Acompanhar os itens da análise técnica durante o desenvolvimento
530921808438593,Geral:
530921808438595,Implementar adição e acesso ao carrinho
530921808438597,Implementar login do cliente
530921808438599,Verificar requisições para serviços do cliente
530921808438601,Verificar cookies do cliente
530921808438603,Customização dos componentes:
530921808438605,Configurar componentes para realizar busca por ajax: neemu-setup-search.js
530921808438607,Integração:
530929711810153,Verificar se chaordic_meta está sendo informado como "search"
530929712250789,Colocar divs chaordic genéricas para inserção do onSite
530929712827735,Checklist final:
530929719420612,AC - Verificar se cliente mantém query de busca no input do formulário.
530929720448835,AC - Barra flutuante, verificar se o comportamento está parecido com o do cliente e se ao fazer o scroll ele se mantém posicionado
530929729410244,Flags - Verificar se todas as flags requeridas na AT foram implementadas (confira com TAM)
530929729959197,Seletores de quantidade com botão de "+" e "-" devem ser verificados com atenção em android e firefox, é comum apresentarem problemas de layout
530929731549570,Neemu-pages - testar local e ligar no rundeck
530929732827322,Https/certificados - Verificar se troca de formulário está sendo feita em páginas https(checkout) e se certificados de segurança estão sendo mostrados
530929735059032,Proxy/Cors - Verificar se estamos setando todos os necessários.
530929737659200,Ajax - verificar se funcionalidades da busca estão vinculadas ao ajax e não fazendo o reload.
527216134654429,Notificar time de Recs para gerar recomendações
527207056357117,FRONT:
527187642316960,[1][uninassau][FRONT] Deploy e Monitoria
527186354279303,[uninassau][TAM] Ligar emailEnabled na clients
527183720288591,FRONT:
527183666835219,[6][uninassau][FRONT] Implementar reconstrução de carrinho
527176887158401,Análise Técnica:
527176885448635,Acompanhar os itens da análise técnica durante o desenvolvimento
527176883804198,Geral:
527176881108734,Implementar adição e acesso ao carrinho
527175591592340,Implementar login do cliente
527175569659089,Verificar requisições para serviços do cliente
527175530384481,Verificar cookies do cliente
527174569617984,Customização dos componentes:
527175558610855,Configurar componentes para realizar busca por ajax: neemu-setup-search.js
527175548844979,Integração:
527175574670376,Verificar se chaordic_meta está sendo informado como "search"
527175572284874,Colocar divs chaordic genéricas para inserção do onSite
527175526990376,Checklist final:
527174566373626,AC - Verificar se cliente mantém query de busca no input do formulário.
527174560232497,AC - Barra flutuante, verificar se o comportamento está parecido com o do cliente e se ao fazer o scroll ele se mantém posicionado
527174566614411,Flags - Verificar se todas as flags requeridas na AT foram implementadas (confira com TAM)
527174545390842,Seletores de quantidade com botão de "+" e "-" devem ser verificados com atenção em android e firefox, é comum apresentarem problemas de layout
527174547791429,Neemu-pages - testar local e ligar no rundeck
527174548600021,Https/certificados - Verificar se troca de formulário está sendo feita em páginas https(checkout) e se certificados de segurança estão sendo mostrados
527174518075073,Proxy/Cors - Verificar se estamos setando todos os necessários.
527174545617405,Ajax - verificar se funcionalidades da busca estão vinculadas ao ajax e não fazendo o reload.
527180341849653,BACK:
527176880037921,FRONT:
527175526259885,[uninassau][TAM] Realizar apontamento CNAME para endereço de busca
527173102747631,[uninassau][FRONT] Ligar e testar atualizador de templates
518632410011439,FRONT:
538401690780678,[Tenda][TAM] Pegar infos (flags) que estão no clusterhilights, creio que tenha que usars webhook
518609637220898,[1][Tenda][FRONT] Deploy e Monitoria
540117674096042,Checklist de implementação feita na netshoes:
540117674096043,theme-netshoes: Injeção do neemu_plugin no before current. O autocomplete deve ser chamado diretamente do thema e não da extração, o buscaHomolog também deve ser implementando no thema. Copiar código da netshoes. 
540117674096044,Autocomplete: - Objeto "Logger" para enviar infos através do nosso objeto chaordic: window.chaordic.event.Tron 
540117674096045,Autocomplete: - Utilizar proxy na função beforeProductLoad para fazer chamada na API de preços e outras customizações, como modificar o size da imagem, assim deixando mais rápida a renderização.
540117674096046,Busca: Objeto "Logger" para enviar infos através do nosso objeto chaordic: window.chaordic.event.Tron 
540117674096047,Busca:- Objecto ApiProduct, que faz todos os tratamentos de chamada a api de preços, chamado no neemu-setup-search.js, na função setupActions.
540117674096048,Busca:- Minificação dos javascripts e CSS da busca. Criados dois arquivos para realizar essas tasks:  process-css.js e process-js.js. Criado também package.json, que é de onde os comandos são "rodados".
540126693979832,Filtro: O filtro de preço do cliente é separado por um hifen "-", o nosso está sendo separado pela vogal "a"
540126693979833,Filtros: Estamos mostrando filtros com caixa alta, precisamos corrigir. Aparentemente o cliente não possui textos caixa alta nos filtros.
511373731960500,Análise Técnica:
511374630816528,Acompanhar os itens da análise técnica durante o desenvolvimento
511373725947007,Geral:
511374625093613,[*] Implementar adição e acesso ao carrinho
511374628732997,[*] Implementar login do cliente
511374619405060,Verificar requisições para serviços do cliente
511374611159749,Verificar cookies do cliente
511374617941444,Customização dos componentes:
511374616873027,Configurar componentes para realizar busca por ajax: neemu-setup-search.js
511374615841800,Integração:
511374614959665,Verificar se chaordic_meta está sendo informado como "search"
511374611395576,Colocar divs chaordic genéricas para inserção do onSite
511374613218903,Checklist final:
511373729661305,AC - Verificar se cliente mantém query de busca no input do formulário.
511373728767283,AC - Barra flutuante, verificar se o comportamento está parecido com o do cliente e se ao fazer o scroll ele se mantém posicionado
511373719456579,Flags - Verificar se todas as flags requeridas na AT foram implementadas (confira com TAM)
511373718848623,[*] Seletores de quantidade com botão de "+" e "-" devem ser verificados com atenção em android e firefox, é comum apresentarem problemas de layout
511374957472007,BACK:
528150171535528,[centauro-v5][FRONT] Remover extração antiga
535948424433916,[centauro-v5][BACK] Alterar url da imagem do autocomplete e subir em staging
540126693979831,[centauro-v5][BACK] Ajustes na base
523790563459961,[centauro-v5] Desagrupamento a nível de SPEC
545571897280643,[centauro-v5][BACK] Header HTTP Header "Timing-Allow-Origin = *" 
545857708173644,[centauro-v5][CLOUD] Gerar CSR
511374636287210,FRONT:
511374632656156,[centauro-v5][TAM] Realizar apontamento CNAME para endereço de busca
511373713576307,[centauro-v5][FRONT] Ligar e testar atualizador de templates
529881616498024,[centauro-v5][BUSCA] Configuração ótima do produto
511061839081626,Análise Técnica:
511061840113381,Acompanhar os itens da análise técnica durante o desenvolvimento
511061840799868,Geral:
511061841177025,Implementar adição e acesso ao carrinho
511061841457580,Implementar login do cliente
511061842006555,Verificar requisições para serviços do cliente
511061845832542,Verificar cookies do cliente
532664528917422,Verificar se o AC possui q=
532664528917423,Implementar pontos
511061845850085,Customização dos componentes:
511061846124653,Configurar componentes para realizar busca por ajax: neemu-setup-search.js
511061846268171,Integração:
511061846424910,Verificar se chaordic_meta está sendo informado como "search"
511061846447470,Colocar divs chaordic genéricas para inserção do onSite
511061846519341,Checklist final:
511061848642207,AC - Verificar se cliente mantém query de busca no input do formulário.
511061849076687,AC - Barra flutuante, verificar se o comportamento está parecido com o do cliente e se ao fazer o scroll ele se mantém posicionado
511061854298336,Flags - Verificar se todas as flags requeridas na AT foram implementadas (confira com TAM)
511061854320023,Seletores de quantidade com botão de "+" e "-" devem ser verificados com atenção em android e firefox, é comum apresentarem problemas de layout
511061856514338,Neemu-pages - testar local e ligar no rundeck
511061856667271,Https/certificados - Verificar se troca de formulário está sendo feita em páginas https(checkout) e se certificados de segurança estão sendo mostrados
511061856897743,Proxy/Cors - Verificar se estamos setando todos os necessários.
511061856985863,Ajax - verificar se funcionalidades da busca estão vinculadas ao ajax e não fazendo o reload.
511060273063378,BACK:
523846023117906,[compreipontuei][DC] Corrigir a distribuição dos dados de seller dos produtos.
513852504760289,[compreipontuei][RUNDECK] Problemas na instalação da loja.
525530519650488,[compreipontuei][RUNDECK] STG não estão tendo os serviços instalados/lançados.
525254865113223,[compreipontuei][BACK] Erro de socker local
511060273063396,FRONT:
511060273063403,[compreipontuei][TAM] Realizar apontamento CNAME para endereço de busca
511061857346495,[compreipontuei][FRONT] Ligar e testar atualizador de templates
510944817102868,Notificar time de Recs para gerar recomendações
510943417214431,FRONT:
510940195283530,[1][iplace][FRONT] Deploy e Monitoria
510940191158635,[iplace][TAM] Ligar emailEnabled na clients
510939897692418,FRONT:
510939895785236,[6][iplace][FRONT] Implementar reconstrução de carrinho
510938697084603,Análise Técnica:
510938696692006,Acompanhar os itens da análise técnica durante o desenvolvimento
510937931264359,Geral:
510937948663400,Implementar adição e acesso ao carrinho
510937954172181,Implementar login do cliente
510937947867449,Verificar requisições para serviços do cliente
510937947343644,Verificar cookies do cliente
510937947010506,Customização dos componentes:
510937946504131,Configurar componentes para realizar busca por ajax: neemu-setup-search.js
510937946111617,Integração:
510937944906082,Verificar se chaordic_meta está sendo informado como "search"
510937944371974,Colocar divs chaordic genéricas para inserção do onSite
510937943206088,Checklist final:
510937937002120,AC - Verificar se cliente mantém query de busca no input do formulário.
510937935690353,AC - Barra flutuante, verificar se o comportamento está parecido com o do cliente e se ao fazer o scroll ele se mantém posicionado
510937922113021,Flags - Verificar se todas as flags requeridas na AT foram implementadas (confira com TAM)
510937921460384,Seletores de quantidade com botão de "+" e "-" devem ser verificados com atenção em android e firefox, é comum apresentarem problemas de layout
510937918315281,Neemu-pages - testar local e ligar no rundeck
510937539637697,Https/certificados - Verificar se troca de formulário está sendo feita em páginas https(checkout) e se certificados de segurança estão sendo mostrados
510937917379956,Proxy/Cors - Verificar se estamos setando todos os necessários.
510937912541601,Ajax - verificar se funcionalidades da busca estão vinculadas ao ajax e não fazendo o reload.
510938747979911,BACK:
510938703691302,FRONT:
510937943767613,[iplace][TAM] Realizar apontamento CNAME para endereço de busca
510937914569156,[iplace][FRONT] Ligar e testar atualizador de templates
509960698115536,Notificar time de Recs para gerar recomendações
509960129378513,FRONT:
509957973882735,[1][petlove][FRONT] Deploy e Monitoria
509957477376532,[petlove][TAM] Ligar emailEnabled na clients
509957455098468,FRONT:
509957454099464,[6][petlove][FRONT] Implementar reconstrução de carrinho
509955467652268,Análise Técnica:
509955466817946,Acompanhar os itens da análise técnica durante o desenvolvimento
509955466071712,Geral:
509955459708883,Implementar adição e acesso ao carrinho
509955464135682,Implementar login do cliente
509955450280369,Verificar requisições para serviços do cliente
509955451421396,Verificar cookies do cliente
509955450622871,Customização dos componentes:
509955450266887,Configurar componentes para realizar busca por ajax: neemu-setup-search.js
509955449791197,Integração:
509955445875083,Verificar se chaordic_meta está sendo informado como "search"
509955440216679,Colocar divs chaordic genéricas para inserção do onSite
509955447970634,Checklist final:
509955435281711,AC - Verificar se cliente mantém query de busca no input do formulário.
509955440462064,AC - Barra flutuante, verificar se o comportamento está parecido com o do cliente e se ao fazer o scroll ele se mantém posicionado
509955426964517,Flags - Verificar se todas as flags requeridas na AT foram implementadas (confira com TAM)
509955426432536,Seletores de quantidade com botão de "+" e "-" devem ser verificados com atenção em android e firefox, é comum apresentarem problemas de layout
509955420032591,Neemu-pages - testar local e ligar no rundeck
509954589081147,Https/certificados - Verificar se troca de formulário está sendo feita em páginas https(checkout) e se certificados de segurança estão sendo mostrados
509955419508707,Proxy/Cors - Verificar se estamos setando todos os necessários.
509955419140659,Ajax - verificar se funcionalidades da busca estão vinculadas ao ajax e não fazendo o reload.
509957064131758,BACK:
509957018414670,FRONT:
509957015121571,[petlove][TAM] Realizar apontamento CNAME para endereço de busca
509955417392943,[petlove][FRONT] Ligar e testar atualizador de templates
507995232033784,FRONT:
507988782687686,[1][tiendasjumbofood][FRONT] Deploy e Monitoria
507988750754831,[tiendasjumbofood][TAM] Ligar emailEnabled na clients
507987572215176,FRONT:
507987551044866,[6][tiendasjumbofood][FRONT] Implementar reconstrução de carrinho
507986534033529,Análise Técnica:
507985561583248,Acompanhar os itens da análise técnica durante o desenvolvimento
507986515357042,Geral:
507986521337713,Implementar adição e acesso ao carrinho
507986530169015,Implementar login do cliente
507986511897700,Verificar requisições para serviços do cliente
507986513999503,Verificar cookies do cliente
507985555372360,Customização dos componentes:
507986512321109,Configurar componentes para realizar busca por ajax: neemu-setup-search.js
507985530269080,Integração:
507985558954055,Verificar se chaordic_meta está sendo informado como "search"
507985531087743,Colocar divs chaordic genéricas para inserção do onSite
507986507671924,Checklist final:
507985534058247,AC - Verificar se cliente mantém query de busca no input do formulário.
507985555230890,AC - Barra flutuante, verificar se o comportamento está parecido com o do cliente e se ao fazer o scroll ele se mantém posicionado
507985544966583,Flags - Verificar se todas as flags requeridas na AT foram implementadas (confira com TAM)
507985522427709,Seletores de quantidade com botão de "+" e "-" devem ser verificados com atenção em android e firefox, é comum apresentarem problemas de layout
507985540795531,Neemu-pages - testar local e ligar no rundeck
507985540006700,Https/certificados - Verificar se troca de formulário está sendo feita em páginas https(checkout) e se certificados de segurança estão sendo mostrados
507985539008914,Proxy/Cors - Verificar se estamos setando todos os necessários.
507985538205685,Ajax - verificar se funcionalidades da busca estão vinculadas ao ajax e não fazendo o reload.
507987085789127,BACK:
507986541272912,FRONT:
507986534753728,[tiendasjumbofood][TAM] Realizar apontamento CNAME para endereço de busca
507985534925895,[tiendasjumbofood][FRONT] Ligar e testar atualizador de templates
490033744377393,Notificar time de Recs para gerar recomendações
490031095180594,FRONT:
490020318355012,[1][jumbocol][FRONT] Deploy e Monitoria
490018230143414,FRONT:
490020370211738,[6][jumbocol][FRONT] Implementar reconstrução de carrinho
490015081098897,Geral:
490017158013780,Implementar adição e acesso ao carrinho
490017156736793,Implementar login do cliente
490015130278834,Verificar requisições para serviços do cliente
490015129102601,Verificar cookies do cliente
490015099147255,Customização dos componentes:
490015126495457,Configurar componentes para realizar busca por ajax: neemu-setup-search.js
490015125722692,Integração:
490015124477880,Verificar se chaordic_meta está sendo informado como "search"
490015123100148,Colocar divs chaordic genéricas para inserção do onSite
490015101095507,Checklist final:
490015112166918,AC - Verificar se cliente mantém query de busca no input do formulário.
490015077692180,AC - Barra flutuante, verificar se o comportamento está parecido com o do cliente e se ao fazer o scroll ele se mantém posicionado
490015092241411,Flags - Verificar se todas as flags requeridas na AT foram implementadas (confira com TAM)
490015088612325,Seletores de quantidade com botão de "+" e "-" devem ser verificados com atenção em android e firefox, é comum apresentarem problemas de layout
490015086386186,Neemu-pages - testar local e ligar no rundeck
490012148021374,Https/certificados - Verificar se troca de formulário está sendo feita em páginas https(checkout) e se certificados de segurança estão sendo mostrados
490013556256251,Proxy/Cors - Verificar se estamos setando todos os necessários.
490013563105130,Ajax - verificar se funcionalidades da busca estão vinculadas ao ajax e não fazendo o reload.
490018197246433,BACK:
490018184607915,FRONT:
490018177243737,[jumbocol][TAM] Realizar apontamento CNAME para endereço de busca
490010224050204,[jumbocol][FRONT] Ligar e testar atualizador de templates
