id,name
549338414000289,[casaevideo][FRONT] Deploy e monitoria dos ajustes pós ativação
548581001222999,[extra][FRONT] Problemas no template
548020802370413,[grupo-boticario] Adicionar lojas ao balancer.
548296385775140,[ns-nba-mx] Integração nova Loja Freedom
547509011228186,[netshoes-br] [BACK] Ajustes eventos para "netshoes"
548207964678652,[LojasRenner][Cloud] Mudar apontamento 
548157692247380,[LojasRenner][BACK]Importar o XML de produtos indisponíveis 
548096803486595,[P][lfg][FRONT] Atualizar template na busca
547404614034566,[Cloud] Criação de acessos VPN Neemu, VPN Platform, S3 e GitLab
547344208162380,[netshoes-br][BACK] Ordenação e cache
546504134027877,[Portal Educação] Reunião de AT
546504096900704,[arredo-ar] Abertura do projeto
546504095514001,[2][arredo-ar][FRONT] Analise técnica
546504087265285,[2][arredo-ar][BACK] Analise técnica
546504078938047,[arredo-ar] Análise Técnica
546504073401670,[2][arredo-ar][BACK] Importar os dumps de dados
546502977229891,[2][arredo-ar][BACK] Configurar XML no importer
546502970302130,[1][arredo-ar][FRONT] Habilitar Integração Reduzida (caso se aplique)
546497352698029,[2][arredo-ar][BACK] Homologar integração
546497351478466,[arredo-ar] Homologar dados capturados
546497349789436,[arredo-ar][Alex/Ailin] Criar alias de email para tagmanager@chaordicsystems.com
546497348129057,[arredo-ar][Cliente] Inserir loader.js 
546496095612994,Implementar chaordic_meta
546496084841017,Verificar o logacquisition da loja (pós subida de neemu.js no loader.js) 
546496078688561,Ativar serviços diversos e iniciar a coleta de eventos para geração de recs em produção.
546493589189583,[2][arredo-ar][BACK][VTEX] Homologar integração
546493574151041,[arredo-ar][VTEX] Homologar dados capturados
546493584839090,[arredo-ar] (Opcional) Metapikey/Parasita
546485469368323,[arredo-ar] Ativar Vitrines
546485475369292,Analisar integração para garantir captura de usuários
546485471677048,Analisar integração para garantir captura de shopping cart log
546485468483911,[arredo-ar] Integração para Mail
546483969519442,[6][arredo-ar][FRONT] Implementar reconstrução de carrinho
546482547684721,[arredo-ar] Exportar campanhas
546480774687386,[arredo-ar] Ativar Mail
546480770532404,[arredo-ar] Ativar recs API
546480787775083,Integrating | Busca - Exportação e Configuração:
546478570202993,[arredo-ar][FRONT] Ligar e testar atualizador de templates
546474465899492,[arredo-ar] Exportar Layout
546473161931875,[4][arredo-ar][FRONT] Ativar cliente (trocar form)
546473158809846,[arredo-ar] Ativar Busca
546473163060366,[arredo-ar] Pós-ativação Busca
546473147946515,[WIP][arredo-ar] NeemuPages
546471790098333,[arredo-ar][Wishlist][Default] Integração Like com inserção de componentes
546471772392176,[arredo-ar] Encerramento do projeto
546376145606683,[LojasRenner][Cloud] Não derrubar o ambiente de staging
546245771212394,[pontofrio][CLOUD] Deixar staging no ar esse fds
546324920452314,[madeiramadeira][Busca] Problemas com a API de busca
545857708173644,[centauro-v5][CLOUD] Gerar CSR
545571897280643,[centauro-v5][BACK] Header HTTP Header "Timing-Allow-Origin = *" 
545637036446996,[movidaseminovos][BUSCA] Rotinas de AC
542053512589276,[netshoes-br][BACK] 1ª Rodada de testes de API onebrowser
175104722793618,[P0][Netshoes-br][FRONT] Ajustes nos filtros 
544582236714767,[fastshop-v6] Remapear categorias da busca
544474304630182,[LojasRenner][FRONT] Ajustar o add to cart na campanha de abandono - ok
544474304630181,[LojasRenner][BACK] Ajustar no Jake a url do link do SKU
544253547613080,[pontofrio][FRONT] Validação de template mobile em HTML
543170683028931,[LojasRenner] Testando o okr
542766027542684,[pontofrio] Exportar Layout Busca Mobile
542766027539684,[boticario][BUSCA] Remover repositorio
542690425413888,[movidaseminovos][MAIL] Emails caem no spam no outlook
542006494215340,[netshoes-br][BACK] Autocomplete/Popular e Pages não retornam na API de busca
541507009479623,[netshoes-br][BACK] Replicar ajuste feito na Zattini
541205824200624,[pariscl][FRONT] Ajustar parâmetros adicionados na busca realizada pela lupinha
541080962548173,[movidaseminovos][FRONT] Configurar imagem fallback
541205824200623,[pariscl][FRONT] Deploy e monitoria referente ao ajuste no AC
540950019279097,[Shopfisio][FRONT] Fazer a integração reduzida 
540925890992920,[polishop][FRONT] Deploy e monitoria referente aos ajustes de 4ª rodada
540451957653127,[qdb-vtex][FRONT] Ajustes de FRONT
540137328291329,[netshoes-br] Gerar frontend padrão da busca
540201411619858,[netshoes-br][BASE] 2ª Rodada  da integração em homologação
540126693979831,[centauro-v5][BACK] Ajustes na base
540117674096037,[netshoes-br][BUSCA] Migrar configurações do dashboard
540117674096036,[netshoes-br][RECS] Migrar configurações do dashboard
539112241348305,[lojasrenner][BACK] Configurar XML para atualizar em dois horários
539232844072323,[LojasRenner][FRONT] Implementar o AC na busca do cliente
539134751410745,[LojasRenner][FRONT] Ajuste no link para PDP
538979425403041,[netshoes-br] Migração eventos
538833991400340,[LojasRenner][FRONT] Deploy e monitoria de ajuste de atualização de produto
538553297707842,[centauro-v5][BACK] Configurar XML Bundle no importer
538423310364026,[LojasRenner][FRONT] Alterar a url de abandono de carrinho
538423310364025,[LojasRenner][BASE]Fazer reduzida para atualizar status e preços
537385909891857,[LojasRenner][BUSCA] Criar front padrão para usar na busca por API
536506996010162,[natura] Abertura do projeto
536505624696043,[2][natura][FRONT] Analise técnica
536506990207510,[2][natura][BACK] Analise técnica
536505629814412,[natura] Análise Técnica
536505622394425,[2][natura][BACK] Importar os dumps de dados
536505600471081,[2][natura][BACK] Configurar XML no importer
536505581462820,[1][natura][FRONT] Habilitar Integração Reduzida (caso se aplique)
536496861066962,[2][natura][BACK] Homologar integração
536496857296198,[natura] Homologar dados capturados
536496856623968,[natura][Alex/Ailin] Criar alias de email para tagmanager@chaordicsystems.com
536496847684209,[natura][Cliente] Inserir loader.js 
536495329099019,Implementar chaordic_meta
536494603406678,Verificar o logacquisition da loja (pós subida de neemu.js no loader.js) 
536495305377851,Ativar serviços diversos e iniciar a coleta de eventos para geração de recs em produção.
536492859806583,[2][natura][BACK][VTEX] Homologar integração
536492858299468,[natura][VTEX] Homologar dados capturados
536492853475449,[natura] (Opcional) Metapikey/Parasita
536484254864888,[natura] Ativar Vitrines
536482930274806,Analisar integração para garantir captura de usuários
536482971047241,Analisar integração para garantir captura de shopping cart log
536482962463142,[natura] Integração para Mail
536481156014863,[6][natura][FRONT] Implementar reconstrução de carrinho
536481142370100,[natura] Exportar campanhas
536481127073071,[natura] Ativar Mail
536481099999420,[natura] Ativar recs API
536479591811119,Integrating | Busca - Exportação e Configuração:
536476344385298,[natura][FRONT] Ligar e testar atualizador de templates
536467948526231,[natura] Exportar Layout
536467930522379,[4][natura][FRONT] Ativar cliente (trocar form)
536467914943624,[natura] Ativar Busca
536466215845440,[natura] Pós-ativação Busca
536465422477954,[WIP][natura] NeemuPages
536465156302143,[natura][Wishlist][Default] Integração Like com inserção de componentes
536464457890758,[natura] Encerramento do projeto
535948424433916,[centauro-v5][BACK] Alterar url da imagem do autocomplete e subir em staging
535803775794454,[casaevideo][BUSCA] Tagueamento pagina de SUBcategory
534890547602129,[netshoes-br][BASE] 1ª Rodada  da integração em homologação - ok
534934377783457,[netshoes-br][API] Migração de plataforma, mudança api de preços
534308630293480,[Tenda Drive] Reunião de AT
534308630293476,[shopfisio][Front] Implementar o botão para fechar o AC no                 mobile - ok
533342815160047,[netshoes-br][BACK] Apontar os arquivos de comportamento para a apikey
533465851492170,[pariscl][FRONT] Linha cinza abaixo do campo de busca após realizar uma nova busca
533384780051183,[Portalintegração] Todas as tarefas de uma milestone finalizada mas ainda mostra como incompleta
533294951598650,[2][netshoes-br][BACK] Importar os dumps de dados
533292236776469,[2][netshoes-br][BACK] Configurar XML no importer
533281937140925,[2][netshoes-br][BACK] Homologar integração
533281916851182,[netshoes-br] Homologar dados capturados
533266438286138,[netshoes-br] (Opcional) Metapikey/Parasita
533243656469695,[netshoes-br] Ativar Vitrines
533242102895438,[netshoes-br] Ativar recs API
533236469152608,Integrating | Busca - Exportação e Configuração:
533222227144778,[netshoes-br] Exportar Layout
533224457279173,[4][netshoes-br][FRONT] Ativar cliente (trocar form)
533224237094048,[netshoes-br] Ativar Busca
533222257818632,[netshoes-br] Pós-ativação Busca
533217625471771,[netshoes-br] Encerramento do projeto
533019661962939,[qdb-vtex][BACK] Desagrupar a base
533019661962932,[qdb-vtex][FRONT] Ajustes na busca e AC
532662369386767,[P][FRONT] Desenvolvimento do OKR
532609683892515,[extra][FRONT] Implementação Adobe Analytics
532538424470140,[LojasRenner][BACK] Modificar Jake com novos campos do XML
531824512316474,ESPECIFICAÇÕES DO CLIENTE (TAM & KAM)
531822416853768,[extra] Abertura do projeto
531822420460466,[2][extra][FRONT] Analise técnica
531822396328261,[2][extra][BACK] Analise técnica
531820806467316,[extra] Análise Técnica
531822398213490,[2][extra][BACK] Importar os dumps de dados
531822357946192,[1][extra][FRONT] Habilitar Integração Reduzida (caso se aplique)
531804259160317,[2][extra][BACK] Homologar integração
531804257758685,[extra] Homologar dados capturados
531798646845749,[extra] (Opcional) Metapikey/Parasita
531784027445138,[extra] Ativar Vitrines
531783998718369,Analisar integração para garantir captura de usuários
531784024561310,Analisar integração para garantir captura de shopping cart log
531783973962634,[extra] Integração para Mail
531782971268984,[6][extra][FRONT] Implementar reconstrução de carrinho
531779893765649,[extra] Exportar campanhas
531779904061482,[extra] Ativar Mail
531778252761834,[extra] Ativar recs API
531775846922117,Integrating | Busca - Exportação e Configuração:
531730534470497,[pontofrio][FRONT] Ligar e testar atualizador de templates
531774698841853,[extra][FRONT] Ligar e testar atualizador de templates
531767313030874,[extra] Exportar Layout
531765543216496,[4][extra][FRONT] Ativar cliente (trocar form)
531763277774145,[extra] Ativar Busca
531765507365030,[extra] Pós-ativação Busca
531763324778430,[WIP][extra] NeemuPages
531761351183313,[extra][Wishlist][Default] Integração Like com inserção de componentes
531761318379747,[extra] Encerramento do projeto
531559911594285,[beautybox-vtex] [FRONT] Implementação após revisão layout mobile
531239328269139,[P][centauro-v5][FRONT] Criação de scripts para cadastro e validação de configurações
530921808438611,[boticario][FRONT] Ligar e testar atualizador de templates
529909559001439,[PortalIntegração] Alterar imagem exemplo do referral
529866723092839,[centauro-v5] Configuração Teste Busca
528454611289863,[LojasRenner][BACK] Ativar "multi busca" por sku
528454611289861,[LojasRenner][BACK] Corrigir pesquisa por "perfume"
528104314016143,[gigaatacado][FRONT] Ajustar flag vitrines
523790563459961,[centauro-v5] Desagrupamento a nível de SPEC
527630781776205,[centauro-v5] [BACK] Criar um ID Intermediário concatenando ID + SPEC
528150171535528,[centauro-v5][FRONT] Remover extração antiga
528131315275608,[LojasRenner] Remover chamada ao loader do search
528131315275607,[LojasRenner] Remover chamada ao loader do search
527456531477578,[studiozcalcados][BACK] Liberar a busca por sku
527233743023303,ESPECIFICAÇÕES DO CLIENTE (TAM & KAM)
527233750757384,[uninassau] Abertura do projeto
527232254388135,[2][uninassau][FRONT] Analise técnica
527229927863542,[uninassau] Análise Técnica
527210388438307,[uninassau][Alex/Ailin] Criar alias de email para tagmanager@chaordicsystems.com
527216164402894,[uninassau][Cliente] Inserir loader.js 
527214768387364,Implementar chaordic_meta
527214725391811,Verificar o logacquisition da loja (pós subida de neemu.js no loader.js) 
527214724173595,Ativar serviços diversos e iniciar a coleta de eventos para geração de recs em produção.
527209111352822,[2][uninassau][BACK][VTEX] Homologar integração
527209066259392,[uninassau][VTEX] Homologar dados capturados
527209089443817,[uninassau] (Opcional) Metapikey/Parasita
527186413738473,[uninassau] Ativar Vitrines
527186395185847,Analisar integração para garantir captura de usuários
527186396849311,Analisar integração para garantir captura de shopping cart log
527185389692541,[uninassau] Integração para Mail
527183666835219,[6][uninassau][FRONT] Implementar reconstrução de carrinho
527182007353956,[uninassau] Exportar campanhas
527181979898721,[uninassau] Ativar Mail
527180344720122,[uninassau] Ativar recs API
527180329268527,Integrating | Busca - Exportação e Configuração:
527173102747631,[uninassau][FRONT] Ligar e testar atualizador de templates
527163985549634,[uninassau] Exportar Layout
527162315210144,[4][uninassau][FRONT] Ativar cliente (trocar form)
527163964851189,[uninassau] Ativar Busca
527160064873848,[uninassau] Pós-ativação Busca
527162305829736,[WIP][uninassau] NeemuPages
527157043444710,[uninassau][Wishlist][Default] Integração Like com inserção de componentes
527157091533858,[uninassau] Encerramento do projeto
526124105848617,[kitchenaid][FRONT] 6ª Rodada de ajuste s multibrowser
527050661006741,[LojasRenner][BACK] Ativar busca por sku
525793901177509,[webcontinental][BUSCA] Problema na requisição do nav_cat
525530519650488,[compreipontuei][RUNDECK] STG não estão tendo os serviços instalados/lançados.
525655909531713,[CompraUnilever] Resolver login em busca
523775154475112,[fastshop-v6][BACK] 1ª Rodada de testes multibrowser e performance
524998929364971,[webcontinental][BACK] Ativar busca por sku e seller
525254865113223,[compreipontuei][BACK] Erro de socker local
524270951892245,Ajuste na exibição do título do produto quando a listagem está por lista (e não por grade).
523846023117906,[compreipontuei][DC] Corrigir a distribuição dos dados de seller dos produtos.
524270951945245,[lfg][Busca] Erro no range de filtros
452897756829163,[1][Shopfisio][FRONT] Deploy e Monitoria
522843733778741,[pariscl][FRONT] Deploy e Monitoria
519910927010925,[Shopfisio][FRONT] Bullets na 2ª linha estão ficando juntos da legada de outra vitrine - ok
522428007053077,[taqi] Configuração Google Analytics
521880722725194,[studiozcalcados][Platform]Dados de view da busca não estão sendo processados pela platform
521609571980680,[Extra] Gerar theme novo e realizar deploy
521358355133044,[Mirror] Instalar certificado HTTPs de onsite para mirror
478180347143508,[1][polishop][FRONT] Deploy e Monitoria
521469115297917,[studiozcalcados][BACK]Problema do TOP buscas
521151402776412,[ns-kappa] Integração nova Loja Freedom
521085195932471,[LojasRenner] Disponibilizar SearchId na API de Busca
521078123086649,[apikey] Integração nova Loja Freedom
513915324168402,[studiozcalcados][FRONT] Investigar problema de injeção do neemu_plugin
519496376052354,[casaevideo][BACK] Exportar base de sinônimos, VQs e expansões
518803660851182,[beautybox-vtex] Corrigir implementações de novos ajustes
518635866531639,[LojasRenner] Remover call para neemu na branch reskin
518661117574754,[2][tendadrive][FRONT] Analise técnica
518659865472879,[Tenda] Análise Técnica
518609606417044,[Tenda] Ativar Vitrines
518570244930451,[Tenda] Encerramento do projeto
517817654864898,[pontofrio][FRONT] Melhoria nas chamadas a api de preço no AC
517133004300413,[Cloud] Criação de acessos VPN Neemu, VPN Platform, S3 e GitLab
516362956824536,[eFacil][FRONT] Ajustes finais
516646899775939,[studiozcalcados][BASE] 2ª Rodada de avisos ao cliente
516301709860166,[telhanorte] Encerramento do projeto
515287629053579,[movidaseminovos][FRONT][Quickview] Implementação do modal do botão "Enviar Proposta"
515287629053587,[eFacil][FRONT] Ajuste no layout do header
515304508884446,[lojasrenner][FRONT] Avaliar BF da Lojas Renner
515447130464655,[gigaatacado] Encerramento do projeto
515287629053580,[movidaseminovos][FRONT][Ordenação] Acrescentar novas formas de ordenação no select
515287629053582,[movidaseminovos][FRONT] Disponibilizar informações da busca
515079041566447,[movidaseminovos][FRONT] Exportação do AC e formulário
515083619903199,[pariscl][BACK] Price e sPrice ficam iguais quando há seção de filtros com sku
513852504760289,[compreipontuei][RUNDECK] Problemas na instalação da loja.
514349644754572,[lfg][FRONT] Mergear as correções feitas por DSN e solucionar eventuais conflitos após o merge
514308850052123,[DC] Integra Plugin com problemas no funcionamento
514188413451832,[movidaseminovos] Campanha decided não renderiza mesmo com dummy_recs
513934307839047,[fastshop-v6][BACK] Alterar a cron de leitura do XML FULL e incremental
513208966871150,[tiendasjumbofood] Implementar webhook para capturar Price-per-unit
512789683868378,[grupo-boticario][BACK] Criar arquivos para cadastrar hotsites por sku
511064055429803,[studiozcalcados][DASHBOARD] Busca por produtos sem retorno no cadastro de hotsite - ok
511750129700139,[taqi][BACK] Implementar installments no jakex
512064624056070,[autoline][FRONT] Ajustes no filtro por estado/cidade
511380209331963,[centauro-v5] Abertura do projeto
511380208739526,[2][centauro-v5][FRONT] Analise técnica
511380207606740,[2][centauro-v5][BACK] Analise técnica
511380196290475,[centauro-v5] Análise Técnica
511380183807556,[centauro-v5] Encerramento do projeto
511380181817960,[2][centauro-v5][BACK] Configurar XML no importer
511378421308682,[2][centauro-v5][BACK] Homologar integração
511378428041922,[centauro-v5] Homologar dados capturados
511374958077650,Integrating | Busca - Exportação e Configuração:
511373713576307,[centauro-v5][FRONT] Ligar e testar atualizador de templates
511372834664926,[centauro-v5] Exportar Layout
511372829713106,[4][centauro-v5][FRONT] Ativar cliente (trocar form)
511372824842763,[centauro-v5] Ativar Busca
511372812775219,[centauro-v5] Pós-ativação Busca
511372810519157,[WIP][centauro-v5] NeemuPages
511372500064580,[WIP][apiKey] Repasse do cliente para o time de atendimento
511279254608245,[polishop][FRONT] Verificar AC
511063272067810,[2][compreipontuei][BACK] Analise técnica BUSCA
511063272067800,[2][compreipontuei][FRONT] Analise técnica BUSCA
511063272067775,[compreipontuei] Análise Técnica
511061857346495,[compreipontuei][FRONT] Ligar e testar atualizador de templates
511060273063471,[compreipontuei] Pós-ativação Busca
511060273063454,[4][compreipontuei][FRONT] Ativar cliente (trocar form)
511060273063416,[compreipontuei] Ativar Busca
511060273063361,[compreipontuei] Exportar Layout
510892009504135,[Polishop][RUNDECK] Erro no job de deploy.
510947979017493,ESPECIFICAÇÕES DO CLIENTE (TAM & KAM)
510947969667939,[iplace] Abertura do projeto
510947967890308,[2][iplace][FRONT] Analise técnica
510947965883636,[2][iplace][BACK] Analise técnica
510947958097187,[iplace] Análise Técnica
510947946396521,[iplace] Encerramento do projeto
510947941746328,[2][iplace][BACK] Importar os dumps de dados
510947310187341,[2][iplace][BACK] Configurar XML no importer
510947316515339,[1][iplace][FRONT] Habilitar Integração Reduzida (caso se aplique)
510944816002862,[2][iplace][BACK] Homologar integração
510944817429044,[iplace] Homologar dados capturados
510944809142799,[iplace][Alex/Ailin] Criar alias de email para tagmanager@chaordicsystems.com
510944823198217,[iplace][Cliente] Inserir loader.js 
510944810653565,Implementar chaordic_meta
510944769683845,Verificar o logacquisition da loja (pós subida de neemu.js no loader.js) 
510944759480173,Ativar serviços diversos e iniciar a coleta de eventos para geração de recs em produção.
510943474573430,[2][iplace][BACK][VTEX] Homologar integração
510943473509155,[iplace][VTEX] Homologar dados capturados
510943471637999,[iplace] (Opcional) Metapikey/Parasita
510940208098954,[iplace] Ativar Vitrines
510940206339663,Analisar integração para garantir captura de usuários
510940205465357,Analisar integração para garantir captura de shopping cart log
510940199484220,[iplace] Integração para Mail
510939895785236,[6][iplace][FRONT] Implementar reconstrução de carrinho
510938753961747,[iplace] Exportar campanhas
510939850870773,[iplace] Ativar Mail
510938757204413,[iplace] Ativar recs API
510938757923843,Integrating | Busca - Exportação e Configuração:
510937914569156,[iplace][FRONT] Ligar e testar atualizador de templates
510937912026716,[iplace] Exportar Layout
510937216863499,[iplace] Testes Busca
510936732248458,[4][iplace][FRONT] Ativar cliente (trocar form)
510936731252247,[iplace] Ativar Busca
510936726818818,[iplace] Pós-ativação Busca
510936719493951,[WIP][iplace] NeemuPages
510936681143174,[iplace][Wishlist][Default] Integração Like com inserção de componentes
510936459579596,[WIP][apiKey] Repasse do cliente para o time de atendimento
510651724845412,[salcobrand][PLATFORM] Reprocessar dados busca
510621457381607,[casaevideo][FRONT] ajustes solicitados pelo cliente
510510421882867,[fastshop-v6][BACK] Desligar o merge de orgânica, cliente atualiza somente via XML
510510421882870,[fastshop-v6][BACK] Alterar a cron de leitura do XML para ser de hora em hora
510485916023234,[eFacil][CLOUD] Redirect HTTP para HTTPS
510485916023233,[eFacil][FRONT] Ajustes na busca
509962870641627,ESPECIFICAÇÕES DO CLIENTE (TAM & KAM)
509962863930810,[petlove] Abertura do projeto
509962860609366,[2][petlove][FRONT] Analise técnica
509962861602326,[2][petlove][BACK] Analise técnica
509962856504087,[petlove] Análise Técnica
509962843702917,[petlove] Encerramento do projeto
509962848930765,[2][petlove][BACK] Importar os dumps de dados
509962837610915,[2][petlove][BACK] Configurar XML no importer
509962830774165,[1][petlove][FRONT] Habilitar Integração Reduzida (caso se aplique)
509960706415332,[2][petlove][BACK] Homologar integração
509960699454435,[petlove] Homologar dados capturados
509960704640058,[petlove][Alex/Ailin] Criar alias de email para tagmanager@chaordicsystems.com
509960703612283,[petlove][Cliente] Inserir loader.js 
509960694232624,Implementar chaordic_meta
509960683452854,Verificar o logacquisition da loja (pós subida de neemu.js no loader.js) 
509960680265230,Ativar serviços diversos e iniciar a coleta de eventos para geração de recs em produção.
509960140610589,[2][petlove][BACK][VTEX] Homologar integração
509960146797872,[petlove][VTEX] Homologar dados capturados
509960145416928,[petlove] (Opcional) Metapikey/Parasita
509957965260029,[petlove] Ativar Vitrines
509957964515501,Analisar integração para garantir captura de usuários
509957964280574,Analisar integração para garantir captura de shopping cart log
509957485916633,[petlove] Integração para Mail
509957454099464,[6][petlove][FRONT] Implementar reconstrução de carrinho
509957421339420,[petlove] Exportar campanhas
509957077937225,[petlove] Ativar Mail
509957066912789,[petlove] Ativar recs API
509957063156711,Integrating | Busca - Exportação e Configuração:
509955417392943,[petlove][FRONT] Ligar e testar atualizador de templates
509955416962407,[petlove] Exportar Layout
509952066982870,[petlove] Testes Busca
509952062105952,[4][petlove][FRONT] Ativar cliente (trocar form)
509952057602843,[petlove] Ativar Busca
509952053507838,[petlove] Pós-ativação Busca
509952047049892,[WIP][petlove] NeemuPages
509951607493729,[petlove][Wishlist][Default] Integração Like com inserção de componentes
509951605471581,[WIP][apiKey] Repasse do cliente para o time de atendimento
509678228137823,[multiplus][FRONT] Alterações no Dash não funcionam
509678228137822,[webcontinental][BACK] Renomear filtros
509834291455576,[PortalIntegração] Adicionar ícone de adição no botão "Adicionar Task"
509668111239217,[polishop][FRONT] Investigar problema com imagens
509223383692795,[shoppingsmiles] Chamada da API de vitrines para landing page não funciona
509067172915727,[OKR] Análise dos componentes da Busca no mobile
508890045977679,[lfg][FRONT] Flags de desconto não estão aparecendo na busca
508897248615120,[Duplicate] [Busca] Revisar jobs do novo atualizador de templates
508434136838689,[pontofrio][BACK] Ajustes das configurações feitas pelo time de produto
508260281296248,[pontofrio][FRONT] Ajustes das configurações feitas pelo time de produto
508397001268760,[eFacil][FRONT] Implementar canal por API do cliente
508004493784761,ESPECIFICAÇÕES DO CLIENTE (TAM & KAM)
508004483022407,[tiendasjumbofood] Abertura do projeto
508003607920402,[2][tiendasjumbofood][FRONT] Analise técnica
508003469104617,[2][tiendasjumbofood][BACK] Analise técnica
508003451930830,[tiendasjumbofood] Análise Técnica
508003448596289,[tiendasjumbofood] Encerramento do projeto
507997745541422,[tiendasjumbofood][Alex/Ailin] Criar alias de email para tagmanager@chaordicsystems.com
507997743399739,[tiendasjumbofood][Cliente] Inserir loader.js 
507997696650240,Implementar chaordic_meta
507996855852142,Verificar o logacquisition da loja (pós subida de neemu.js no loader.js) 
507997704553946,Ativar serviços diversos e iniciar a coleta de eventos para geração de recs em produção.
507996159202934,[2][tiendasjumbofood][BACK][VTEX] Homologar integração
507996159369539,[tiendasjumbofood][VTEX] Homologar dados capturados
507995251344993,[tiendasjumbofood] (Opcional) Metapikey/Parasita
507985563600665,[tiendasjumbofood] Ativar Vitrines
507988759110033,Analisar integração para garantir captura de usuários
507988759878789,Analisar integração para garantir captura de shopping cart log
507988759573545,[tiendasjumbofood] Integração para Mail
507987551044866,[6][tiendasjumbofood][FRONT] Implementar reconstrução de carrinho
507987075073340,[tiendasjumbofood] Exportar campanhas
507987077063480,[tiendasjumbofood] Ativar Mail
507987081221107,[tiendasjumbofood] Ativar recs API
507986511538745,Integrating | Busca - Exportação e Configuração:
507985534925895,[tiendasjumbofood][FRONT] Ligar e testar atualizador de templates
507985533901423,[tiendasjumbofood] Exportar Layout
507983096094101,[tiendasjumbofood] Testes Busca
507983101868765,[4][tiendasjumbofood][FRONT] Ativar cliente (trocar form)
507983091086464,[tiendasjumbofood] Ativar Busca
507983084051948,[tiendasjumbofood] Pós-ativação Busca
507983075540841,[WIP][tiendasjumbofood] NeemuPages
507982195002815,[tiendasjumbofood][Wishlist][Default] Integração Like com inserção de componentes
507981407740500,[WIP][apiKey] Repasse do cliente para o time de atendimento
507928583209854,[shoppingsmiles][FRONT] Desabilitar slots e one_call
507343806530585,[telhanorte][BUSCA] Resultados no google não redirecionam para uma página de resultados da nossa busca
507430415047420,[P][pontofrio][FRONT] Analise libraria pontofrio
507343806613584,[eFacil][FRONT] Problema com o ambiente de televendas
507148511892662,[pontofrio][FRONT] Analise libraria pontofrio
507198251231021,[gigaatacado] Produtos vendidos em KIT não estão trazendo a informção para a API da busca
502238557784513,[eFacil] [DEV] Exportar lista de VQD, sinônimo e expansão do backend da busca
259701029491238,[Lojasrenner][front] ajustar erro do jQuery ao disparar posse e no ambiente de homologação do cliente
506777519027968,[Shopfisio][BACK] Retirar o filtro "precoavista"
506231423140044,[eFacil][FRONT] Mudar imagem do busca not_found
506156655841276,[P0][pontofrio][FRONT] Problema de layout na busca por "nespresso"
505693229172989,[Admin-Mail] Admin não permite modificar o máx de recomendação, como no admin antigo
506078856631626,[casaevideo][BACK] Ajustar protocolo de retorno das imagens no autocomplete
505544646189415,[gigaatacado][BACK] Produtos que possuem details não estão os retornando na API de busca
505618064912039,[pariscl][FRONT] Verificar conflitos após ultimos P0s 
505501833836913,[eFacil][FRONT] Erros no console no mobile
504857815002052,[webcontinental][BACK] Consultas com resultados estranhos
503979243406823,[gigaatacado][FRONT] Incluir searchId no meta
503634030601178,[fastshop-v6][BUSCA] Tem produtos que estão ficando com Flags, mesmo não tendo no XML e na orgânica.(outro caso)
503861958989005,[pariscl][BACK] Considerar o internet price para cálculos de desconto quando houver preço cencosud
503419985421929,[PR][eFacil][FRONT] Ajuste largura AC
503855366970333,[movidaseminovos][FRONT] Revalidar AT
503855366970332,[movidaseminovos][BACK] Ordenação por ano
503417085708776,[P0][pariscl] Reativar a busca
502727515645398,[pariscl] Produto criado não apareceu no productCreated
502805928061817,[fastshop-v6][BUSCA] Tem produtos que estão ficando com Flags, mesmo não tendo no XML e na organica.
502534818746301,[studiozcalcados][Cloud] Comprar certificado https para busca
502301807757676,[eudora-vtex][FRONT] Ajustes para que funcione o wishlist
502215786757482,[eudora-vtex][FRONT] Deploy do thema
502215786757480,[eudora-vtex] Ativar Busca Intersect
502215786757477,[pariscl][BACK] IDs no autocomplete
501537966255434,[P0][pariscl] Problemas na atualização dos produtos
501537966353432,[telhanorte][FRONT] Ajustes solicitados pelo cliente
501575764372001,[Lebes][FRONT] Ajustar o meta para landing_Page
501575764371001,[fastshop-v6][BACK] Ajustes vindos do lado do cliente
501408558360232,[2][Shopfisio][FRONT] Verificar o problema o por que a busca não responde no shopfisio.neemu.com e no busca.shopfisio.com.br
501015989448471,[P0][pariscl][FRONT] Eliminando parâmetros URL produto
486935025110233,[PUSH] Mensagem de erro inadequada quando Content-Type está errado
500945247010401,[p][Shopfisio][BACK] Atualizar ambiente de stage 
500237515403283,[telhanorte][FRONT] Mergear branchs da busca no master para colocarmos em produção
500264335340017,[kitchenaid][FRONT] Bug Safari mobile - ok
499784514398931,[tannino][DC] Alguns produtos não são atualizados pelo octopus
499677023133241,[multiplus][FRONT] Investigar o analytics
499609614167511,[Cloud] Jobs da AWS não estão funcionando
498935802349445,[beautybox-vtex][CLOUD] Ativar a busca intersect
498935802349443,[beautybox-vtex][FRONT] Deploy produção
499003081902444,Liberar acesso S3 ao dc-coldstart para time de integração
498935802349442,[beautybox-vtex] Ativação busca intersect
498825153259766,[multiplus][BASE] 1ª Rodada de ajuses da integração em produção
498679059251633,[WIP][taqi] Repasse do cliente para o time de atendimento
498236078464594,[eFacil][FRONT] Problema Time out
497936317942875,[pariscl][FRONT] Ajustes nos preços
497953526793060,[pariscl][BACK] Preço cencosud deve ser considerado sempre o menor
497778780682521,[webcontinental][dashboard] Não esta mostrando dados no dashboard do cliente, 
497292011573564,[ns-asicstiger] Integração nova Loja Freedom
497187308222713,[fastshop-v6][BACK] Adicionar o XML Parcial
497101983842297,[2][Carrefour][BACK] Ajustar o horário de atualização do XML 
497037202821264,[fastshop-v6][BACK] Remover os filtros de categoria da busca
496938022144860,[P0][eFacil][BACK] Preços desatualizados
496751588439122,Rundeck - acesso
495967642048680,[eFacil][BUSCA] Alguns produtos não estão respeitando o valor filtrado
495802806219017,[kitchenaid][BACK] Ajustes vindo do Cliente
495802806219013,[kitchenaid][Front] Ajustes vindos do cliente
495698708132540,[P][P0][pontofrio] Ajustes no tagueamento Adobe
495339537693184,[Admin-Mail] Autenticação do User-History não está funcionando
495274387260831,[multiplus][FRONT] Retirar o Skin da vitrine de historico do carrinho
494656114201427,[eFacil][BACK] Ajustes Vindo do cliente
494689068029785,[eFacil][FRONT] Ajustes Vindo do cliente
494506190922701,[Shopfisio][BACK] Corrigir back-end em stage
494277723050100,[gigaatacado][BUSCA] Não é possível criar novo hotsite
493981284018856,[grupo boticario][FRONT] Subir staging
493981284040857,[pariscl][BACK] Top buscas com IDs de sku
493981284040856,[pariscl] Top buscas com IDs de sku
493911663963614,[webcontinental] Alterar no JAKE o XML
492392761010188,[1] Ajustes no template de AT
493245718018886,[Cloud] Criar acesso de leitura ao S3
175104722793615,[P0][pontofrio] colocar parâmetro na url dos produtos sugeridos no AC
492866026833082,[pontofrio][FRONT] Verificar alerta do atualizador de templates
492189616911904,[pariscl][FRONT] Ajustes Mobile - Erro no autocomplete
492011297978708,[pariscl][BACK] Verificar parser de categorias
491714427652872,[Vitrines] Comportamento estranho na FBT
491760221802391,[portalintegracao] Erro em datas de tarefas
491772617872368,[portalintegracao] Datas erradas ao copiar o template
467668336817243,[P][Autoline][BUSCA] Ao retirar um filtro somem todos aplicados
488118052994842,Recomendações repetidas na campanha visit_reactivation - ok
490629002560520,Filtros estranhos na busca por TV
490985827271636,[fastshop-v6][BACK] Retornando resultado estranho no AC
490972186938248,[fastshop-v6] [FRONT] alterar para API de preço pegar do campo certo da base, pois foi alterado desligando a organica. (storeId e catEntryId)
490972186938246,[fastshop-v6][FRONT] Retirar Before current e desligar orgânica
490819680999828,[eFacil][BACK] Ajustes vindos do cliente
490629002577520,[pariscl][FRONT] Erro no autocomplete e footer
490043194586275,ESPECIFICAÇÕES DO CLIENTE (TAM & KAM)
490043199083733,[jumbocol] Abertura do projeto
490041841225064,[2][jumbocol][FRONT] Analise técnica
490043193488889,[2][jumbocol][BACK] Analise técnica
490041856980251,[jumbocol] Análise Técnica
490041900899554,[jumbocol] Encerramento do projeto
490041895459023,[2][jumbocol][BACK] Importar os dumps de dados
490039872422747,[2][jumbocol][BACK] Configurar XML no importer
490039839341576,[1][jumbocol][FRONT] Habilitar Integração Reduzida (caso se aplique)
490033756694867,[2][jumbocol][BACK] Homologar integração
490033755035215,[jumbocol] Homologar dados capturados
490033740291672,[jumbocol][Alex/Ailin] Criar alias de email para tagmanager@chaordicsystems.com
490033737285631,[jumbocol][Cliente] Inserir loader.js 
490033726316982,Implementar chaordic_meta
490032881215659,Verificar o logacquisition da loja (pós subida de neemu.js no loader.js) 
490032870663404,Ativar serviços diversos e iniciar a coleta de eventos para geração de recs em produção.
490031126653376,[2][jumbocol][BACK][VTEX] Homologar integração
490031125120639,[jumbocol][VTEX] Homologar dados capturados
490031123029821,[jumbocol] (Opcional) Metapikey/Parasita
490022534248092,[jumbocol] Ativar Vitrines
490021948827104,Analisar integração para garantir captura de usuários
490021989468725,Analisar integração para garantir captura de shopping cart log
490021975210192,[jumbocol] Integração para Mail
490020370211738,[6][jumbocol][FRONT] Implementar reconstrução de carrinho
490018192617853,[jumbocol] Exportar campanhas
490018192617846,[jumbocol] Ativar Mail
490018192931547,[jumbocol] Ativar recs API
490018166554454,Integrating | Busca - Exportação e Configuração:
490010224050204,[jumbocol][FRONT] Ligar e testar atualizador de templates
490013556415147,[jumbocol] Exportar Layout
490008871246160,[jumbocol] Testes Busca
490008881789874,[4][jumbocol][FRONT] Ativar cliente (trocar form)
490008871886761,[jumbocol] Ativar Busca
490003890489624,[jumbocol] Pós-ativação Busca
490008841742435,[WIP][jumbocol] NeemuPages
490007760856373,[jumbocol][Wishlist][Default] Integração Like com inserção de componentes
490007767312832,[WIP][apiKey] Repasse do cliente para o time de atendimento
488434206750102,[OKR] Api analytics
489381687961386,[eFacil][Front] Retirar o Logo da linx da busca AC e busca
488570149689991,[OKR] Api analytics
488742516814277,Task aberta 2
488742516814276,Task aberta 1
488742516814278,Task completada 1
488742516814280,Task completada 2
488723343616037,[kitchenaid][Front] Ajustes no autocomplete 
488736798313836,[PR][studiozcalcados][Base] Ajustar base
488736798313835,[studiozcalcados] Pós Ativação
488412635450756,[PR][shopfacil][FRONT] Ajustar o meta com preço e disponibilidade para a orgânica funcionar
488631583953676,[eFacil][BACK] Ajuste do cliente - Ordenação de filtro
488631583953673,[eFacil][Busca] A Busca esta mostrando um produto que foi excluído da base
488387569557485,[PR][shopfacil][FRONT] Vitrines funcionario.shopfacil.com.br
488142733381929,[eFacil][DC] Produto desatualizado na base. 
488089461933639,[pontofrio][BACK] Analise de termos específicos no que estamos com resultado ruim
488074125639649,[multiplus][DC] A base não esta sendo atualizada
487572168221930,[webcontinental][BACK] Problema com o campo avista do details
487542797364959,[Busca] [FRONT] Minificação e lint e time stamp para não gerar cache
487542797364955,[Busca] [FRONT] Testes unitários na camada do PHP, functions.php (Lucas e Luan)
487545333332620,[Vitrines] [FRONT] Melhorar imagens nos clientes Vtex (Roberto e Luan)
487545333332598,[Busca] [FRONT] Documentar implementação de API (Roberto e Lucas)
487542797364950,[Busca] [FRONT] Porcentagem de desconto no resultado da busca
487522397607030,[Vitrines] [FRONT] Implementação automática do TrustVox
487536979983646,[P][autoline][FRONT] Verificar atualizador de templates e envio ao GA
487532411073980,[Busca] [FRONT] Documentar sobre Libs no confluence
487522397607029,[Busca] [FRONT] Documentar implementação de SELECT
487522397607027,[Busca] [FRONT] Documentar implementação de thumbnails padrão
487522397607025,[Email] [FRONT] Reconstrução de carrinho
487137442171695,[shopfacil][DC] Problema de atualização de preços
487514849738254,[pariscl][BACK] Top buscas apresentando IDs
487514849738253,[pariscl] Blackfriday Busca
487454386221666,[tannino] Abertura do projeto
487454380255130,[2][tannino][FRONT] Analise técnica
487454378400685,[2][tannino][DC] Analise técnica
487453756204517,[tannino] Análise Técnica
487453760653895,[tannino] Encerramento do projeto
487450228322709,[tannino][Alex/Ailin] Criar alias de email para tagmanager@chaordicsystems.com
487450226167519,[tannino][Cliente] Inserir loader.js 
487450220709332,Implementar chaordic_meta
487449361373040,Verificar o logacquisition da loja (pós subida de neemu.js no loader.js) 
487449382233325,Ativar serviços diversos e iniciar a coleta de eventos para geração de recs em produção.
487448271434280,[2][tannino][BACK][VTEX] Homologar integração
487448272755114,[tannino][VTEX] Homologar dados capturados
487441029465027,[tannino] Ativar Vitrines
487401399933409,[shopfacil][FRONT] Verificar por trouxe parcelamento nesse produto na campanha
468443315633496,[Autoline][BUSCA] Ao retirar filtro por cidade, retira-se opção errada
487118014476727,[pontofrio][FRONT] Investigar buscas sem referral
487087625466923,[multiplus][BACK] Ajustar o feed 
479104030372898,[pontofrio][BACK] Freq log sendo gerado só com buscas na nossa busca
486961946431830,[pontofrio] [FRONT] Redirecionar para busca do cliente quando o cookie tem valor A 
486938189982838,[pontofrio][BACK] Indexação e rotina
486898802543403,[puket][FRONT] Implementar chamada única para vitrines
486898802543402,[malwee][FRONT] Implementar chamada única para vitrines
486975070549311,[compreipontuei][FRONT] Ajuste do pontos da FBT, eles estão sindos zerados
486529828629980,[multiplus][FRONT] Vitrine na PDP - tirar a tag do parceiro do meta
486480040370617,[Central de Vitrines] Remover fallback de títulos das vitrines
486468944150059,[pontofrio][FRONT] Deploy e monitoria de ajustes dos preços
486460951601202,ESPECIFICAÇÕES DO CLIENTE (TAM & KAM)
486460944337242,[Carrefour] Abertura do projeto
486460942020747,[2][Carrefour][FRONT] Analise técnica
486459587228227,[2][Carrefour][BACK] Analise técnica
486454791091746,[Carrefour] Análise Técnica
486459581632095,[Carrefour] Encerramento do projeto
486459567949958,[2][Carrefour][BACK] Importar os dumps de dados
486459552409802,[2][Carrefour][BACK] Configurar XML no importer
486459545051154,[1][Carrefour][FRONT] Habilitar Integração Reduzida (caso se aplique)
486453782467914,[2][Carrefour][BACK] Homologar integração
486453780854225,[Carrefour] Homologar dados capturados
486444028582470,[Carrefour] Ativar Vitrines
486444026449006,Analisar integração para garantir captura de usuários
486444024860374,Analisar integração para garantir captura de shopping cart log
486444012450261,[Carrefour] Integração para Mail
486442879795557,[6][Carrefour][FRONT] Implementar reconstrução de carrinho
486441728149805,[Carrefour] Exportar campanhas
486441720795995,[Carrefour] Ativar Mail
486441707390475,[Carrefour] Ativar recs API
486440545943418,Integrating | Busca - Exportação e Configuração:
486438501798959,[Carrefour][FRONT] Ligar e testar atualizador de templates
486438491882559,[Carrefour] Exportar Layout
486432652834125,[Carrefour] Testes Busca
486432626377236,[4][Carrefour][FRONT] Ativar cliente (trocar form)
486432625465264,[Carrefour] Ativar Busca
486431768704221,[Carrefour] Pós-ativação Busca
486431790215581,[WIP][Carrefour] NeemuPages
486430432198000,[Carrefour][Wishlist][Default] Integração Like com inserção de componentes
486430419872703,[WIP][apiKey] Repasse do cliente para o time de atendimento
486009836579384,[kitchenaid][BASE] Ajuste de base
486299960282823,[pontofrio][FRONT] Ajuste na separação do milhar nos preços De e Por
486015621353689,[malwee][FRONT] Ajustar ordenção do seletor de specs
486088654373132,[pontofrio][FRONT] Deploy e monitoria de ajuste fallback de imagens e outros ajustes CSS
486022828062137,[webcontinental][BACK] Disponibilizar o campo de preço "a vista"  no AC
486015621274689,[Duplicate] [autoline][BUSCA] Problemas com remoção de filtros
484895569906795,[pontofrio][FRONT]  Ajuste na captura de sessão+grupo 3
484818326064915,[malwee][FRONT] Atributo categories inválido na PDP
484922141217081,[movidaseminovos][BUSCA] Front Padrão
484895569906792,[pontofrio][BACK] Cadastro de sinônimos/expansões do cliente
484895569906790,[pontofrio][FRONT] Escrever readme da implementação
485036559220597,[Cloud] Criar acesso de leitura ao S3 
484796647542705,[pontofrio][FRONT] Implementação fallback imagem
484269360207433,[eFacil][BASE] $chaordic_meta não mostra todos os itens da busca mobile após clicar no botão "Mais resultados"
484278841529254,[multiplus][FRONT] Vitrine Quebrando
484269360216429,[pontofrio][FRONT] Ajuste na captura de sessão+grupo 2
484258394934598,[shopfacil][FRONT] Ajustes vindo do cliente parte 2
483644344996085,[pontofrio][CLOUD] Redirecionar busca sempre para httpS
483634527926940,[pontofrio][PLATFORM] CTR Zerado
483539701763699,[polishop][FRONT] Customização webhooks
483609321225940,[webcontinental][BACK] Ajustar XML 
483590426070156,[fastshop-v6][BACK] Alterar no jake para pegar storeId e catalogEntryId por sku
483476783001859,[taqi][FRONT] Incluir divs no mobile pelo beforeCurrent
483547775237379,[pontofrio][FRONT] Erro nos notfound
483476783001856,[taqi][FRONT] Implementar chamada única
483505044110738,[Fastshop-v6][FRONT] Avaliar se podemos desligar a orgânica
477768307074841,[pontofrio][BUSCA] Configuração ótima do produto
482629367446950,[pontofrio][BUSCA] Testes de cache
482689750025821,[pontofrio][FRONT] Troca de formulario
482640798639828,[OKR] Documentação de testes de Views e Buyorders
482324871206622,[lojasrenner] Cliente está questionando nosso tempo de cache para alguns serviços
482377211608943,[Autocomplete] Permitir AC carregando a partir de 2 caracteres
482370885969728,[pontofrio][FRONT] Ajuste na captura de sessão+grupo
482324871206620,[lojasrenner][FRONT] Desativar busca no ambiente de piloto
481853874509507,[multiplus][Dashboard] Dashboard não esta salvando.
481853874509508,[multiplus][FRONT] Vitrine não funciona a troca de produtos na vitrines "vc visitou"
481809551346129,[pontofrio] Validação catalogo por API 
481803834781690,[fastshop-v6][BACK]Alterar o horário da atualização
481618042497458,[eFacil] Problemas com Atualizador de Template
481522749478301,[fastshop-v6][BACK]  Por que esta aparecendo uma máquina de lavar na busca por geladeira
481423798821491,[Busca] [Shopfisio] Depreciar os projetos antigos e criar novos no Gitlabpath
481238326899578,[pontofrio][FRONT] Ajustar neemu_plugin para funcionar com os dois tipos de formulario
481259646352466,[shopfacil][FRONT] Ajustes vindo do cliente
481252381927154,[eFacil][FRONT] Ajustes eFácil
479104030372909,[pontofrio][BUSCA] Problema com o atualizador de templates
479494393508153,[W][fastshop-v6][BACK] Problema backend repassado pelo cliente
479431462183258,[3][multiplus][DC] Ajuste o meta do cliente
479224671150781,[multiplus][FRONT] Ajustar Cor dos botões e do botão do hover em preto igualmente o cliente fez na home
479051212354793,[shopfacil] Pós Ativação
477362185640996,[autoline][BACK] Promovidos Blackfriday
478204115501715,ESPECIFICAÇÕES DO CLIENTE (TAM & KAM)
478204108775833,[polishop] Abertura do projeto
478204103898533,[2][polishop][FRONT] Analise técnica
478203619097855,[2][polishop][BACK] Analise técnica
478203615526189,[polishop] Análise Técnica
478194260243394,[polishop][Alex/Ailin] Criar alias de email para tagmanager@chaordicsystems.com
478194257685139,[polishop][Cliente] Inserir loader.js 
478194251482700,Implementar chaordic_meta
478194218157688,Verificar o logacquisition da loja (pós subida de neemu.js no loader.js) 
478194217550850,Ativar serviços diversos e iniciar a coleta de eventos para geração de recs em produção.
478190905565437,[2][polishop][BACK][VTEX] Homologar integração
478190897472715,[polishop][VTEX] Homologar dados capturados
478180335255198,[polishop] Ativar Vitrines
478180324428132,[polishop] Integração para Mail
478178451227383,[6][polishop][FRONT] Implementar reconstrução de carrinho
478177155725127,[polishop] Exportar campanhas
478177154945131,[polishop] Ativar Mail
478177135973757,Integrating | Busca - Exportação e Configuração:
478172005451745,[polishop][FRONT] Ligar e testar atualizador de templates
478172003664636,[polishop] Exportar Layout
478165877939617,[polishop] Testes Busca
478165878022793,[4][polishop][FRONT] Ativar cliente (trocar form)
478165871493692,[polishop] Ativar Busca
478165850464090,[polishop] Pós-ativação Busca
478165851468696,[WIP][polishop] NeemuPages
478163874588887,[WIP][polishop] Repasse do cliente para o time de atendimento
477753755936665,[portalintegracao] Data Previsão errada
477362185640993,[autoline][BACK] Ajustes na base para Blackfriday
477362185640992,[autoline] Ajustes para Blackfriday
476662543741294,[pontofrio][BACK] Limpeza e validação da base
476657224399036,[pontofrio][CLOUD] Instalação certificado
476441881829511,[pontofrio][FRONT] Configurar template de Busca
476441881828504,[P0][pariscl][DC] Produtos com preço 99999.999
476277798790208,[autoline][BUSCA] Ordenação Ajustes solicitados pelo cliente 
476277798790207,Ordenação ano e km
476258543194100,[pariscl][FRONT] Deploy e monitoria de ajuste ortografia 
476258543162100,[fastshop-v6][BACK] Ajustar busca
475802922175851,[PortalIntegracao]Problema a criar dependências de tasks
475591958058480,[P0][pariscl][DC] Produtos sem chaordic_meta
475656093728736,[P0][studiozcalcados][BASE]Produtos com disponíveis, que deveria estar indisponível
475124623172814,[telhanorte][FRONT] Alterar para chamada única
475141319909082,[studiozcalcados][FRONT] 3ª rodada ajustes multibrowser - ok
475124623172807,[gigaatacado][BACK] Produto "estranho" aparecendo no resultado de busca
475148516697528,[2][Shopfisio][FRONT] Analise técnica
474637222302886,[kitchenaid][BACK] Fazer a busca responder por outros 2 campos
474559674798693,[Portalintegracao] Problema quando deleta imagens
474618119808510,[kitchenaid][FRONT] Ligar neemu pages
474467076549964,[studiozcalcados][BACK] Problema no AC, não esta obtendo resultado de nada
474514410313220,[pariscl][FRONT] Deploy e monitoria referente Ajustes prioritários
474411601436162,[pariscl][FRONT] Ligar atualizador de templates
473924587325498,[pontofrio][FRONT] Implementação Adobe Analytics
474340419199185,[2][webcontinental][BACK] Quando busco pelo Seller : MKP000278 deveria estar retornando diversos produtos , mas não retorna
474286638197673,[taqi] Ativar Mail
474286638197658,[6][taqi][FRONT] Implementar reconstrução de carrinho
474286638197613,[taqi] Exportar campanhas
474340386007360,Analisar integração para garantir captura de shopping cart log
474340385152751,Analisar integração para garantir captura de usuários
474286638197552,[taqi] Integração para Mail
473924587395477,[Busca] Ajustes no ambiente de testes apikey.neemu.com
473924587325478,[P0][pariscl][FRONT] Ajustes prioritarios
473898930985292,[onofrefarma-v6][FRONT] Testar projeto Onofre no Docker de Vitrines
473438198513516,[pontofrio][BACK] Comportamento só com a coleta
473032166043811,[shopfacil][FRONT] A FBT não esta funcionando.
472928606118385,[pontofrio][FRONT] Implementar "Comparar"
472920604316570,[fastshop]O cliente esta reclamando que esta recebendo um email de erro do importação do XML
472619957024485,[multiplus][BACK] Verificar quebra caractere especial no nome de produto na vitrine
472099185041155,[multiplus][FRONT] Ajustar meta na PDP
472099185041154,[multiplus][BACK] Ajustar o feed para atualizar de hora em hora das 07:00  as 23:59:00
472019161859992,[movidaseminovos][FRONT] Deploy basico do FRONT
471784777752221,[2][webcontinental][BACK] Ajustar campos novos do cliente
471345152000932,Produto indisponível não está retornando no resultado da busca - ok
471570574816787,[studiozcalcados][FRONT] Vitrines não estão funcionando na studio Z
470503156789004,[pariscl][FRONT] Ajustes bloqueantes e ativação
470518418922133,[eFacil][Dashboard] Dashboard não está permitindo cadastrar Quick Filters por URL
470612502314393,[kitchenaid][Autocomplete][BASE] Product Reference não está vindo completo.
470214728308444,[autoline][FRONT] Atualizar staging com implementação de ordenação
470374813706627,[pariscl][FRONT] Ajustes nos preços
470214728308443,[autoline][FRONT] Deploy e monitoria
470192115035137,[pontofrio][BACK] Limpeza de base
466993628286260,[shopfacil][FRONT] "Seller Name" dos produtos na campanha decided não estão sendo exibidos corretamente
469326129879887,[eudora-vtex][FRONT] Ajustes
468638177735389,[casaevideo][FRONT] Capturar leve + pague - no webhocks
468460865210003,[studiozcalcados][BACK] Ajustar o modulo vtex no mobile 
468568909367449,[Platform] Criar acesso ao Hive
468460865210002,[studiozcalcados][FRONT] Fazer as vitrines funcionarem no endereço novo - Mobile
468343217539997,[Ponto Frio] Atualizador de template - staging
468092782735595,[lfg] [DC] Problema na atualização de XML
546497337318743,Notificar time de Recs para gerar recomendações
546492216989699,FRONT:
546485486687112,[1][arredo-ar][FRONT] Deploy e Monitoria
546485027504530,[arredo-ar][TAM] Ligar emailEnabled na clients
546483971057259,FRONT:
546483969519442,[6][arredo-ar][FRONT] Implementar reconstrução de carrinho
546479537264316,Análise Técnica:
546479541689252,Acompanhar os itens da análise técnica durante o desenvolvimento
546479540492016,Geral:
546479535643095,Implementar adição e acesso ao carrinho
546479530399439,Implementar login do cliente
546479517849474,Verificar requisições para serviços do cliente
546478622844611,Verificar cookies do cliente
546479514733411,Customização dos componentes:
546479513903501,Configurar componentes para realizar busca por ajax: neemu-setup-search.js
546479512161348,Integração:
546479511512383,Verificar se chaordic_meta está sendo informado como "search"
546478634835841,Colocar divs chaordic genéricas para inserção do onSite
546478633956366,Checklist final:
546478627052721,AC - Verificar se cliente mantém query de busca no input do formulário.
546478572474046,AC - Barra flutuante, verificar se o comportamento está parecido com o do cliente e se ao fazer o scroll ele se mantém posicionado
546478612217552,Flags - Verificar se todas as flags requeridas na AT foram implementadas (confira com TAM)
546478610563389,Seletores de quantidade com botão de "+" e "-" devem ser verificados com atenção em android e firefox, é comum apresentarem problemas de layout
546478606610993,Neemu-pages - testar local e ligar no rundeck
546478605702993,Https/certificados - Verificar se troca de formulário está sendo feita em páginas https(checkout) e se certificados de segurança estão sendo mostrados
546478600413376,Proxy/Cors - Verificar se estamos setando todos os necessários.
546478603786053,Ajax - verificar se funcionalidades da busca estão vinculadas ao ajax e não fazendo o reload.
546480775443776,BACK:
546479554595101,FRONT:
546479549191321,[arredo-ar][TAM] Realizar apontamento CNAME para endereço de busca
546478570202993,[arredo-ar][FRONT] Ligar e testar atualizador de templates
544253547613080,[pontofrio][FRONT] Validação de template mobile em HTML
546245771212394,[pontofrio][CLOUD] Deixar staging no ar esse fds
531730534470497,[pontofrio][FRONT] Ligar e testar atualizador de templates
536495304217938,Notificar time de Recs para gerar recomendações
536492814644576,FRONT:
536482938196887,[1][natura][FRONT] Deploy e Monitoria
536482927961130,[natura][TAM] Ligar emailEnabled na clients
536482165312307,FRONT:
536481156014863,[6][natura][FRONT] Implementar reconstrução de carrinho
536478109555104,Análise Técnica:
536478090690357,Acompanhar os itens da análise técnica durante o desenvolvimento
536478105580322,Geral:
536478078043217,Implementar adição e acesso ao carrinho
536469265188962,Implementar login do cliente
536478089901529,Verificar requisições para serviços do cliente
536478087296048,Verificar cookies do cliente
536478087296046,Customização dos componentes:
536478086138888,Configurar componentes para realizar busca por ajax: neemu-setup-search.js
536478084621193,Integração:
536476340780109,Verificar se chaordic_meta está sendo informado como "search"
536476344230573,Colocar divs chaordic genéricas para inserção do onSite
536476378971759,Checklist final:
536476370368409,AC - Verificar se cliente mantém query de busca no input do formulário.
536475172348982,AC - Barra flutuante, verificar se o comportamento está parecido com o do cliente e se ao fazer o scroll ele se mantém posicionado
536476365502444,Flags - Verificar se todas as flags requeridas na AT foram implementadas (confira com TAM)
536476346311970,Seletores de quantidade com botão de "+" e "-" devem ser verificados com atenção em android e firefox, é comum apresentarem problemas de layout
536476354943726,Neemu-pages - testar local e ligar no rundeck
536476352564932,Https/certificados - Verificar se troca de formulário está sendo feita em páginas https(checkout) e se certificados de segurança estão sendo mostrados
536476343213728,Proxy/Cors - Verificar se estamos setando todos os necessários.
536476347890090,Ajax - verificar se funcionalidades da busca estão vinculadas ao ajax e não fazendo o reload.
536481111530427,BACK:
536478095308002,FRONT:
536476355323037,[natura][TAM] Realizar apontamento CNAME para endereço de busca
536476344385298,[natura][FRONT] Ligar e testar atualizador de templates
540117674096036,[netshoes-br][RECS] Migrar configurações do dashboard
533255122289626,[1][netshoes-br][FRONT] Deploy e Monitoria
533242101264326,BACK:
175104722793618,[P0][Netshoes-br][FRONT] Ajustes nos filtros 
540117674096037,[netshoes-br][BUSCA] Migrar configurações do dashboard
541507009479623,[netshoes-br][BACK] Replicar ajuste feito na Zattini
542006494215340,[netshoes-br][BACK] Autocomplete/Popular e Pages não retornam na API de busca
547344208162380,[netshoes-br][BACK] Ordenação e cache
542053512589275,1ª Rodada de testes de API onebrowser:
542053512589276,[netshoes-br][BACK] 1ª Rodada de testes de API onebrowser
544760496934097,[netshoes-br][TAM] 1ª Rodada de testes de API onebrowser
531797385733202,FRONT:
531785792964174,[1][extra][FRONT] Deploy e Monitoria
531783988665928,[extra][TAM] Ligar emailEnabled na clients
531782986795783,FRONT:
531782971268984,[6][extra][FRONT] Implementar reconstrução de carrinho
532566140597108,Checklist de implementação feita na netshoes/pontofrio:
532566140597109,theme-netshoes: Injeção do neemu_plugin no before current. O autocomplete deve ser chamado diretamente do thema e não da extração, o buscaHomolog também deve ser implementando no thema. Copiar código da netshoes. 
532566140597110,Autocomplete: - Objeto "Logger" para enviar infos através do nosso objeto chaordic: window.chaordic.event.Tron 
532566140597111,Autocomplete: - Utilizar proxy na função beforeProductLoad para fazer chamada na API de preços e outras customizações, como modificar o size da imagem, assim deixando mais rápida a renderização.
532566140597112,Busca: Objeto "Logger" para enviar infos através do nosso objeto chaordic: window.chaordic.event.Tron 
532566140597113,Busca:- Objecto ApiProduct, que faz todos os tratamentos de chamada a api de preços, chamado no neemu-setup-search.js, na função setupActions.
532566140597114,Busca:- Minificação dos javascripts e CSS da busca. Criados dois arquivos para realizar essas tasks:  process-css.js e process-js.js. Criado também package.json, que é de onde os comandos são "rodados".
531775877315706,Análise Técnica:
531775899517524,Acompanhar os itens da análise técnica durante o desenvolvimento
531775863032753,Geral:
531776917653530,Implementar adição e acesso ao carrinho
531776915651269,Implementar login do cliente
531775889911906,Verificar requisições para serviços do cliente
531775859335514,Verificar cookies do cliente
531775884021983,Customização dos componentes:
531775885534402,Configurar componentes para realizar busca por ajax: neemu-setup-search.js
531775884116266,Integração:
531771681863532,Verificar se chaordic_meta está sendo informado como "search"
531774751674623,Colocar divs chaordic genéricas para inserção do onSite
531775877793145,Checklist final:
531774732939809,AC - Verificar se cliente mantém query de busca no input do formulário.
531775859172391,AC - Barra flutuante, verificar se o comportamento está parecido com o do cliente e se ao fazer o scroll ele se mantém posicionado
531774720887699,Flags - Verificar se todas as flags requeridas na AT foram implementadas (confira com TAM)
531775835049155,Seletores de quantidade com botão de "+" e "-" devem ser verificados com atenção em android e firefox, é comum apresentarem problemas de layout
531770040468419,BACK:
531776930220743,FRONT:
548581001222999,[extra][FRONT] Problemas no template
531776776368628,[extra][TAM] Realizar apontamento CNAME para endereço de busca
532609683892515,[extra][FRONT] Implementação Adobe Analytics
531774698841853,[extra][FRONT] Ligar e testar atualizador de templates
532897359935449,Solicitações do cliente:
532897359935450,A paginação deve ser como na busca atual, com o botão "Mostrar mais produtos" e não com nossa paginação padrão
531765008278413,Análise Técnica:
531765008278415,Acompanhar os itens da análise técnica durante o desenvolvimento
531765008278417,Geral:
531765008278419,Implementar adição e acesso ao carrinho
531765008278421,Implementar login do cliente
531765008278423,Verificar requisições para serviços do cliente
531765008278425,Verificar cookies do cliente
531765008278427,Customização dos componentes:
531765008278429,Configurar componentes para realizar busca por ajax: neemu-setup-search.js
531765008278431,Integração:
531765535484687,Verificar se chaordic_meta está sendo informado como "search"
531765535944623,Colocar divs chaordic genéricas para inserção do onSite
531765536107714,Checklist final:
531765540431545,AC - Verificar se cliente mantém query de busca no input do formulário.
531765541612021,AC - Barra flutuante, verificar se o comportamento está parecido com o do cliente e se ao fazer o scroll ele se mantém posicionado
531767296859660,Flags - Verificar se todas as flags requeridas na AT foram implementadas (confira com TAM)
531767297404599,Seletores de quantidade com botão de "+" e "-" devem ser verificados com atenção em android e firefox, é comum apresentarem problemas de layout
531767301359262,Neemu-pages - testar local e ligar no rundeck
531767301868309,Https/certificados - Verificar se troca de formulário está sendo feita em páginas https(checkout) e se certificados de segurança estão sendo mostrados
531767302534151,Proxy/Cors - Verificar se estamos setando todos os necessários.
531767305047507,Ajax - verificar se funcionalidades da busca estão vinculadas ao ajax e não fazendo o reload.
530921808438589,Análise Técnica:
530921808438591,Acompanhar os itens da análise técnica durante o desenvolvimento
530921808438593,Geral:
530921808438595,Implementar adição e acesso ao carrinho
530921808438597,Implementar login do cliente
530921808438599,Verificar requisições para serviços do cliente
530921808438601,Verificar cookies do cliente
530921808438603,Customização dos componentes:
530921808438605,Configurar componentes para realizar busca por ajax: neemu-setup-search.js
530921808438607,Integração:
530929711810153,Verificar se chaordic_meta está sendo informado como "search"
530929712250789,Colocar divs chaordic genéricas para inserção do onSite
530929712827735,Checklist final:
530929719420612,AC - Verificar se cliente mantém query de busca no input do formulário.
530929720448835,AC - Barra flutuante, verificar se o comportamento está parecido com o do cliente e se ao fazer o scroll ele se mantém posicionado
530929729410244,Flags - Verificar se todas as flags requeridas na AT foram implementadas (confira com TAM)
530929729959197,Seletores de quantidade com botão de "+" e "-" devem ser verificados com atenção em android e firefox, é comum apresentarem problemas de layout
530929731549570,Neemu-pages - testar local e ligar no rundeck
530929732827322,Https/certificados - Verificar se troca de formulário está sendo feita em páginas https(checkout) e se certificados de segurança estão sendo mostrados
530929735059032,Proxy/Cors - Verificar se estamos setando todos os necessários.
530929737659200,Ajax - verificar se funcionalidades da busca estão vinculadas ao ajax e não fazendo o reload.
527216134654429,Notificar time de Recs para gerar recomendações
527207056357117,FRONT:
527187642316960,[1][uninassau][FRONT] Deploy e Monitoria
527186354279303,[uninassau][TAM] Ligar emailEnabled na clients
527183720288591,FRONT:
527183666835219,[6][uninassau][FRONT] Implementar reconstrução de carrinho
527176887158401,Análise Técnica:
527176885448635,Acompanhar os itens da análise técnica durante o desenvolvimento
527176883804198,Geral:
527176881108734,Implementar adição e acesso ao carrinho
527175591592340,Implementar login do cliente
527175569659089,Verificar requisições para serviços do cliente
527175530384481,Verificar cookies do cliente
527174569617984,Customização dos componentes:
527175558610855,Configurar componentes para realizar busca por ajax: neemu-setup-search.js
527175548844979,Integração:
527175574670376,Verificar se chaordic_meta está sendo informado como "search"
527175572284874,Colocar divs chaordic genéricas para inserção do onSite
527175526990376,Checklist final:
527174566373626,AC - Verificar se cliente mantém query de busca no input do formulário.
527174560232497,AC - Barra flutuante, verificar se o comportamento está parecido com o do cliente e se ao fazer o scroll ele se mantém posicionado
527174566614411,Flags - Verificar se todas as flags requeridas na AT foram implementadas (confira com TAM)
527174545390842,Seletores de quantidade com botão de "+" e "-" devem ser verificados com atenção em android e firefox, é comum apresentarem problemas de layout
527174547791429,Neemu-pages - testar local e ligar no rundeck
527174548600021,Https/certificados - Verificar se troca de formulário está sendo feita em páginas https(checkout) e se certificados de segurança estão sendo mostrados
527174518075073,Proxy/Cors - Verificar se estamos setando todos os necessários.
527174545617405,Ajax - verificar se funcionalidades da busca estão vinculadas ao ajax e não fazendo o reload.
527180341849653,BACK:
527176880037921,FRONT:
527175526259885,[uninassau][TAM] Realizar apontamento CNAME para endereço de busca
527173102747631,[uninassau][FRONT] Ligar e testar atualizador de templates
518632410011439,FRONT:
538401690780678,[Tenda][TAM] Pegar infos (flags) que estão no clusterhilights, creio que tenha que usars webhook
518609637220898,[1][Tenda][FRONT] Deploy e Monitoria
540117674096042,Checklist de implementação feita na netshoes:
540117674096043,theme-netshoes: Injeção do neemu_plugin no before current. O autocomplete deve ser chamado diretamente do thema e não da extração, o buscaHomolog também deve ser implementando no thema. Copiar código da netshoes. 
540117674096044,Autocomplete: - Objeto "Logger" para enviar infos através do nosso objeto chaordic: window.chaordic.event.Tron 
540117674096045,Autocomplete: - Utilizar proxy na função beforeProductLoad para fazer chamada na API de preços e outras customizações, como modificar o size da imagem, assim deixando mais rápida a renderização.
540117674096046,Busca: Objeto "Logger" para enviar infos através do nosso objeto chaordic: window.chaordic.event.Tron 
540117674096047,Busca:- Objecto ApiProduct, que faz todos os tratamentos de chamada a api de preços, chamado no neemu-setup-search.js, na função setupActions.
540117674096048,Busca:- Minificação dos javascripts e CSS da busca. Criados dois arquivos para realizar essas tasks:  process-css.js e process-js.js. Criado também package.json, que é de onde os comandos são "rodados".
540126693979832,Filtro: O filtro de preço do cliente é separado por um hifen "-", o nosso está sendo separado pela vogal "a"
540126693979833,Filtros: Estamos mostrando filtros com caixa alta, precisamos corrigir. Aparentemente o cliente não possui textos caixa alta nos filtros.
511373731960500,Análise Técnica:
511374630816528,Acompanhar os itens da análise técnica durante o desenvolvimento
511373725947007,Geral:
511374625093613,[*] Implementar adição e acesso ao carrinho
511374628732997,[*] Implementar login do cliente
511374619405060,Verificar requisições para serviços do cliente
511374611159749,Verificar cookies do cliente
511374617941444,Customização dos componentes:
511374616873027,Configurar componentes para realizar busca por ajax: neemu-setup-search.js
511374615841800,Integração:
511374614959665,Verificar se chaordic_meta está sendo informado como "search"
511374611395576,Colocar divs chaordic genéricas para inserção do onSite
511374613218903,Checklist final:
511373729661305,AC - Verificar se cliente mantém query de busca no input do formulário.
511373728767283,AC - Barra flutuante, verificar se o comportamento está parecido com o do cliente e se ao fazer o scroll ele se mantém posicionado
511373719456579,Flags - Verificar se todas as flags requeridas na AT foram implementadas (confira com TAM)
511373718848623,[*] Seletores de quantidade com botão de "+" e "-" devem ser verificados com atenção em android e firefox, é comum apresentarem problemas de layout
511374957472007,BACK:
528150171535528,[centauro-v5][FRONT] Remover extração antiga
535948424433916,[centauro-v5][BACK] Alterar url da imagem do autocomplete e subir em staging
540126693979831,[centauro-v5][BACK] Ajustes na base
523790563459961,[centauro-v5] Desagrupamento a nível de SPEC
545571897280643,[centauro-v5][BACK] Header HTTP Header "Timing-Allow-Origin = *" 
545857708173644,[centauro-v5][CLOUD] Gerar CSR
511374636287210,FRONT:
511374632656156,[centauro-v5][TAM] Realizar apontamento CNAME para endereço de busca
511373713576307,[centauro-v5][FRONT] Ligar e testar atualizador de templates
529881616498024,[centauro-v5][BUSCA] Configuração ótima do produto
511061839081626,Análise Técnica:
511061840113381,Acompanhar os itens da análise técnica durante o desenvolvimento
511061840799868,Geral:
511061841177025,Implementar adição e acesso ao carrinho
511061841457580,Implementar login do cliente
511061842006555,Verificar requisições para serviços do cliente
511061845832542,Verificar cookies do cliente
532664528917422,Verificar se o AC possui q=
532664528917423,Implementar pontos
511061845850085,Customização dos componentes:
511061846124653,Configurar componentes para realizar busca por ajax: neemu-setup-search.js
511061846268171,Integração:
511061846424910,Verificar se chaordic_meta está sendo informado como "search"
511061846447470,Colocar divs chaordic genéricas para inserção do onSite
511061846519341,Checklist final:
511061848642207,AC - Verificar se cliente mantém query de busca no input do formulário.
511061849076687,AC - Barra flutuante, verificar se o comportamento está parecido com o do cliente e se ao fazer o scroll ele se mantém posicionado
511061854298336,Flags - Verificar se todas as flags requeridas na AT foram implementadas (confira com TAM)
511061854320023,Seletores de quantidade com botão de "+" e "-" devem ser verificados com atenção em android e firefox, é comum apresentarem problemas de layout
511061856514338,Neemu-pages - testar local e ligar no rundeck
511061856667271,Https/certificados - Verificar se troca de formulário está sendo feita em páginas https(checkout) e se certificados de segurança estão sendo mostrados
511061856897743,Proxy/Cors - Verificar se estamos setando todos os necessários.
511061856985863,Ajax - verificar se funcionalidades da busca estão vinculadas ao ajax e não fazendo o reload.
511060273063378,BACK:
523846023117906,[compreipontuei][DC] Corrigir a distribuição dos dados de seller dos produtos.
513852504760289,[compreipontuei][RUNDECK] Problemas na instalação da loja.
525530519650488,[compreipontuei][RUNDECK] STG não estão tendo os serviços instalados/lançados.
525254865113223,[compreipontuei][BACK] Erro de socker local
511060273063396,FRONT:
511060273063403,[compreipontuei][TAM] Realizar apontamento CNAME para endereço de busca
511061857346495,[compreipontuei][FRONT] Ligar e testar atualizador de templates
510944817102868,Notificar time de Recs para gerar recomendações
510943417214431,FRONT:
510940195283530,[1][iplace][FRONT] Deploy e Monitoria
510940191158635,[iplace][TAM] Ligar emailEnabled na clients
510939897692418,FRONT:
510939895785236,[6][iplace][FRONT] Implementar reconstrução de carrinho
510938697084603,Análise Técnica:
510938696692006,Acompanhar os itens da análise técnica durante o desenvolvimento
510937931264359,Geral:
510937948663400,Implementar adição e acesso ao carrinho
510937954172181,Implementar login do cliente
510937947867449,Verificar requisições para serviços do cliente
510937947343644,Verificar cookies do cliente
510937947010506,Customização dos componentes:
510937946504131,Configurar componentes para realizar busca por ajax: neemu-setup-search.js
510937946111617,Integração:
510937944906082,Verificar se chaordic_meta está sendo informado como "search"
510937944371974,Colocar divs chaordic genéricas para inserção do onSite
510937943206088,Checklist final:
510937937002120,AC - Verificar se cliente mantém query de busca no input do formulário.
510937935690353,AC - Barra flutuante, verificar se o comportamento está parecido com o do cliente e se ao fazer o scroll ele se mantém posicionado
510937922113021,Flags - Verificar se todas as flags requeridas na AT foram implementadas (confira com TAM)
510937921460384,Seletores de quantidade com botão de "+" e "-" devem ser verificados com atenção em android e firefox, é comum apresentarem problemas de layout
510937918315281,Neemu-pages - testar local e ligar no rundeck
510937539637697,Https/certificados - Verificar se troca de formulário está sendo feita em páginas https(checkout) e se certificados de segurança estão sendo mostrados
510937917379956,Proxy/Cors - Verificar se estamos setando todos os necessários.
510937912541601,Ajax - verificar se funcionalidades da busca estão vinculadas ao ajax e não fazendo o reload.
510938747979911,BACK:
510938703691302,FRONT:
510937943767613,[iplace][TAM] Realizar apontamento CNAME para endereço de busca
510937914569156,[iplace][FRONT] Ligar e testar atualizador de templates
509960698115536,Notificar time de Recs para gerar recomendações
509960129378513,FRONT:
509957973882735,[1][petlove][FRONT] Deploy e Monitoria
509957477376532,[petlove][TAM] Ligar emailEnabled na clients
509957455098468,FRONT:
509957454099464,[6][petlove][FRONT] Implementar reconstrução de carrinho
509955467652268,Análise Técnica:
509955466817946,Acompanhar os itens da análise técnica durante o desenvolvimento
509955466071712,Geral:
509955459708883,Implementar adição e acesso ao carrinho
509955464135682,Implementar login do cliente
509955450280369,Verificar requisições para serviços do cliente
509955451421396,Verificar cookies do cliente
509955450622871,Customização dos componentes:
509955450266887,Configurar componentes para realizar busca por ajax: neemu-setup-search.js
509955449791197,Integração:
509955445875083,Verificar se chaordic_meta está sendo informado como "search"
509955440216679,Colocar divs chaordic genéricas para inserção do onSite
509955447970634,Checklist final:
509955435281711,AC - Verificar se cliente mantém query de busca no input do formulário.
509955440462064,AC - Barra flutuante, verificar se o comportamento está parecido com o do cliente e se ao fazer o scroll ele se mantém posicionado
509955426964517,Flags - Verificar se todas as flags requeridas na AT foram implementadas (confira com TAM)
509955426432536,Seletores de quantidade com botão de "+" e "-" devem ser verificados com atenção em android e firefox, é comum apresentarem problemas de layout
509955420032591,Neemu-pages - testar local e ligar no rundeck
509954589081147,Https/certificados - Verificar se troca de formulário está sendo feita em páginas https(checkout) e se certificados de segurança estão sendo mostrados
509955419508707,Proxy/Cors - Verificar se estamos setando todos os necessários.
509955419140659,Ajax - verificar se funcionalidades da busca estão vinculadas ao ajax e não fazendo o reload.
509957064131758,BACK:
509957018414670,FRONT:
509957015121571,[petlove][TAM] Realizar apontamento CNAME para endereço de busca
509955417392943,[petlove][FRONT] Ligar e testar atualizador de templates
507995232033784,FRONT:
507988782687686,[1][tiendasjumbofood][FRONT] Deploy e Monitoria
507988750754831,[tiendasjumbofood][TAM] Ligar emailEnabled na clients
507987572215176,FRONT:
507987551044866,[6][tiendasjumbofood][FRONT] Implementar reconstrução de carrinho
507986534033529,Análise Técnica:
507985561583248,Acompanhar os itens da análise técnica durante o desenvolvimento
507986515357042,Geral:
507986521337713,Implementar adição e acesso ao carrinho
507986530169015,Implementar login do cliente
507986511897700,Verificar requisições para serviços do cliente
507986513999503,Verificar cookies do cliente
507985555372360,Customização dos componentes:
507986512321109,Configurar componentes para realizar busca por ajax: neemu-setup-search.js
507985530269080,Integração:
507985558954055,Verificar se chaordic_meta está sendo informado como "search"
507985531087743,Colocar divs chaordic genéricas para inserção do onSite
507986507671924,Checklist final:
507985534058247,AC - Verificar se cliente mantém query de busca no input do formulário.
507985555230890,AC - Barra flutuante, verificar se o comportamento está parecido com o do cliente e se ao fazer o scroll ele se mantém posicionado
507985544966583,Flags - Verificar se todas as flags requeridas na AT foram implementadas (confira com TAM)
507985522427709,Seletores de quantidade com botão de "+" e "-" devem ser verificados com atenção em android e firefox, é comum apresentarem problemas de layout
507985540795531,Neemu-pages - testar local e ligar no rundeck
507985540006700,Https/certificados - Verificar se troca de formulário está sendo feita em páginas https(checkout) e se certificados de segurança estão sendo mostrados
507985539008914,Proxy/Cors - Verificar se estamos setando todos os necessários.
507985538205685,Ajax - verificar se funcionalidades da busca estão vinculadas ao ajax e não fazendo o reload.
507987085789127,BACK:
507986541272912,FRONT:
507986534753728,[tiendasjumbofood][TAM] Realizar apontamento CNAME para endereço de busca
507985534925895,[tiendasjumbofood][FRONT] Ligar e testar atualizador de templates
490033744377393,Notificar time de Recs para gerar recomendações
490031095180594,FRONT:
490020318355012,[1][jumbocol][FRONT] Deploy e Monitoria
490018230143414,FRONT:
490020370211738,[6][jumbocol][FRONT] Implementar reconstrução de carrinho
490015081098897,Geral:
490017158013780,Implementar adição e acesso ao carrinho
490017156736793,Implementar login do cliente
490015130278834,Verificar requisições para serviços do cliente
490015129102601,Verificar cookies do cliente
490015099147255,Customização dos componentes:
490015126495457,Configurar componentes para realizar busca por ajax: neemu-setup-search.js
490015125722692,Integração:
490015124477880,Verificar se chaordic_meta está sendo informado como "search"
490015123100148,Colocar divs chaordic genéricas para inserção do onSite
490015101095507,Checklist final:
490015112166918,AC - Verificar se cliente mantém query de busca no input do formulário.
490015077692180,AC - Barra flutuante, verificar se o comportamento está parecido com o do cliente e se ao fazer o scroll ele se mantém posicionado
490015092241411,Flags - Verificar se todas as flags requeridas na AT foram implementadas (confira com TAM)
490015088612325,Seletores de quantidade com botão de "+" e "-" devem ser verificados com atenção em android e firefox, é comum apresentarem problemas de layout
490015086386186,Neemu-pages - testar local e ligar no rundeck
490012148021374,Https/certificados - Verificar se troca de formulário está sendo feita em páginas https(checkout) e se certificados de segurança estão sendo mostrados
490013556256251,Proxy/Cors - Verificar se estamos setando todos os necessários.
490013563105130,Ajax - verificar se funcionalidades da busca estão vinculadas ao ajax e não fazendo o reload.
490018197246433,BACK:
490018184607915,FRONT:
490018177243737,[jumbocol][TAM] Realizar apontamento CNAME para endereço de busca
490010224050204,[jumbocol][FRONT] Ligar e testar atualizador de templates
487450230602114,Notificar time de Recs para gerar recomendações
487447569970891,FRONT:
486450323388301,FRONT:
486444039287940,[1][Carrefour][FRONT] Deploy e Monitoria
486442882696423,FRONT:
486442879795557,[6][Carrefour][FRONT] Implementar reconstrução de carrinho
486439841413142,Geral:
486439839896729,Implementar adição e acesso ao carrinho
486438510311500,Implementar login do cliente
486439819384956,Verificar requisições para serviços do cliente
486439825553030,Verificar cookies do cliente
486439824637592,Customização dos componentes:
486439823839100,Configurar componentes para realizar busca por ajax: neemu-setup-search.js
486439823055959,Integração:
486439822066798,Verificar se chaordic_meta está sendo informado como "search"
486439821059096,Colocar divs chaordic genéricas para inserção do onSite
486439820114220,Checklist final:
486437968478498,AC - Verificar se cliente mantém query de busca no input do formulário.
486439809907151,AC - Barra flutuante, verificar se o comportamento está parecido com o do cliente e se ao fazer o scroll ele se mantém posicionado
486438498011938,Flags - Verificar se todas as flags requeridas na AT foram implementadas (confira com TAM)
486438508901481,Seletores de quantidade com botão de "+" e "-" devem ser verificados com atenção em android e firefox, é comum apresentarem problemas de layout
486438503613178,Neemu-pages - testar local e ligar no rundeck
486438486804221,Https/certificados - Verificar se troca de formulário está sendo feita em páginas https(checkout) e se certificados de segurança estão sendo mostrados
486438505387349,Proxy/Cors - Verificar se estamos setando todos os necessários.
486438486804219,Ajax - verificar se funcionalidades da busca estão vinculadas ao ajax e não fazendo o reload.
486441705568788,BACK:
486441694814597,FRONT:
486440539663833,[Carrefour][TAM] Realizar apontamento CNAME para endereço de busca
486438501798959,[Carrefour][FRONT] Ligar e testar atualizador de templates
478194247513477,Notificar time de Recs para gerar recomendações
478190870968951,FRONT:
509668111239217,[polishop][FRONT] Investigar problema com imagens
478180347143508,[1][polishop][FRONT] Deploy e Monitoria
478178458568850,FRONT:
478178451227383,[6][polishop][FRONT] Implementar reconstrução de carrinho
478173882736725,Geral:
511279254608244,PROXY - Revisar Url`s (ex: imagens de footer)
512251759437450,Implementar Rating
478175391063230,Implementar adição e acesso ao carrinho
478175389971682,Implementar login do cliente
478173900226758,Verificar requisições para serviços do cliente
478173898924565,Verificar cookies do cliente
478173897782996,Customização dos componentes:
478173896346937,Configurar componentes para realizar busca por ajax: neemu-setup-search.js
478173883841603,Integração:
478173894386020,Verificar se chaordic_meta está sendo informado como "search"
478173883841601,Colocar divs chaordic genéricas para inserção do onSite
478173886602124,Checklist final:
478173860642501,AC - Verificar se cliente mantém query de busca no input do formulário.
478173861454164,AC - Barra flutuante, verificar se o comportamento está parecido com o do cliente e se ao fazer o scroll ele se mantém posicionado
478172013140774,Flags - Verificar se todas as flags requeridas na AT foram implementadas (confira com TAM)
478172017236955,Seletores de quantidade com botão de "+" e "-" devem ser verificados com atenção em android e firefox, é comum apresentarem problemas de layout
478172011517160,Neemu-pages - testar local e ligar no rundeck
478172001318370,Https/certificados - Verificar se troca de formulário está sendo feita em páginas https(checkout) e se certificados de segurança estão sendo mostrados
478172009725225,Proxy/Cors - Verificar se estamos setando todos os necessários.
478172007510271,Ajax - verificar se funcionalidades da busca estão vinculadas ao ajax e não fazendo o reload.
478177134703118,BACK:
490637079990213,[Polishop][RUNDECK] Erro no job de deploy.
510892009504135,[Polishop][RUNDECK] Erro no job de deploy.
525976705279726,[polishop][BUSCA] Erro no processamento da base
478176411954983,FRONT:
478176421447556,[polishop][TAM] Realizar apontamento CNAME para endereço de busca
511279254608245,[polishop][FRONT] Verificar AC
511750129700134,[polishop][BACK] Corrigir url padrão das imagens na busca
478172005451745,[polishop][FRONT] Ligar e testar atualizador de templates
474286638197654,FRONT:
474286638197658,[6][taqi][FRONT] Implementar reconstrução de carrinho
511750129700138,BACK:
511750129700139,[taqi][BACK] Implementar installments no jakex
